layer,type,inherited_error,output_RelErr,delta_error,amplification_gain,CosineAct,mse_output,sqnr_db,variance_ratio,act_kurtosis,zero_inflation,dead_neuron_ratio,mean_shift,weight_RelErr,weight_Cosine,weight_cond_fp32,weight_cond_int4,weight_outlier_ratio_fp32,weight_outlier_ratio_int4,bn_folded,folded_source_layer,has_post_act_fq,exec_order,iso_sens_W4A8,iso_se_pp,iso_lcb95_pp,iso_p_value,iso_positive_flips,iso_negative_flips,iso_quant_source,iso_q_value,restore_gain_weight,restore_gain_weight_se_pp,restore_gain_weight_lcb95_pp,restore_gain_weight_p_value,restore_gain_activation,restore_gain_activation_se_pp,restore_gain_activation_lcb95_pp,restore_gain_activation_p_value,restore_gain_weight_q_value,restore_gain_activation_q_value,mechanism_flags,has_mechanism,inst_meaningful_output_error,inst_local_injection,inst_local_amplification,inst_structural_activation,inst_conditioning_broken,has_strong_instability,is_fragile,is_weight_contributor,is_activation_contributor,task_effect_pp,has_task_evidence,has_causal_evidence,has_bn_propagation_evidence,has_non_bn_propagation_evidence,has_propagation_evidence,is_flagged,is_collective_failure,layer_role,is_origin,failure_mode
stem.0,Conv2d,0.0,0.012359815808516257,0.012359815808516257,inf,0.9999237941193584,0.000759491212285903,38.15976002497812,1.0010471036768398,22.20416960675821,0.0,0.0,0.0005588526837527752,0.005854974500834942,0.9999827742576599,406.333481133525,490.1707592312567,4.79640007019043,4.794610023498535,False,,False,1,0.05,0.31232598957160285,-0.4637305367380586,0.43640542676065647,20,19,mqbench-weight+fallback-act,0.8626373626373627,0.15,0.1322781113766548,-0.06757813126418144,0.12840263055093232,,,,,0.20393358969853956,,injection,True,False,True,True,False,False,False,False,False,False,,False,False,False,False,False,False,True,injector,False,stable
stem.1,BatchNorm2d,0.012359815808516257,0.01900072518774773,0.006640909379231473,1.5372984097914875,0.9998195397944503,0.004117179357883882,34.4245964661782,1.0000627128272817,22.69750067042523,9.031685031191117e-05,0.0,0.0025926539674401283,N/A,N/A,N/A,N/A,N/A,N/A,False,,False,2,0.25,0.2784016949515141,-0.2079300376904354,0.18459729605166642,18,13,fallback-act,0.8626373626373627,,,,,,,,,,,injection+amplification,True,False,False,True,False,False,False,False,False,False,,False,False,False,False,False,False,True,amplifier,False,stable
stem.2,ReLU,0.01900072518774773,0.024376752076308454,0.005376026888560724,1.2829379844947895,0.9997029134863342,0.00677658849376805,32.26048319281287,0.9996119719391113,22.69750067042523,0.009560779649384177,0.0,0.0028403184842318296,N/A,N/A,N/A,N/A,N/A,N/A,False,,True,3,0.05,0.1803191822955946,-0.24659866100783245,0.3907802219228709,7,6,mqbench-act,0.8626373626373627,,,,,0.1,0.09999999999999998,-0.06448536269514718,0.15865525393145702,,0.2507776594400451,injection+amplification+zero-inflation,True,False,False,True,False,False,False,False,False,False,,False,False,False,False,False,False,True,amplifier,False,stable
trunk_output.block1.block1-0.proj.0,Conv2d,0.024376752076308454,0.10846331383550835,0.0840865617591999,4.449457150648173,0.9941658793061944,0.15847383834877793,19.294342617504242,0.9666894566346104,9.241691319522548,4.865685287786989e-09,0.0,0.22083359956741333,0.13019849359989166,0.9914950132369995,33.00488118530694,26.354208583828587,5.769380569458008,5.527373313903809,False,,False,4,0.1,0.33173788600717014,-0.4456602649961079,0.381538427543218,23,21,mqbench-weight+fallback-act,0.8626373626373627,0.4,0.1730172462032091,0.11541195505749569,0.010391369819802793,,,,,0.03507087314183442,,injection+amplification,True,True,True,True,False,False,True,False,False,False,0.4,False,False,False,True,True,True,False,amplifier,True,mixed
trunk_output.block1.block1-0.proj.1,BatchNorm2d,0.10846331383550835,0.11703246140830657,0.008569147572798225,1.0790050319299103,0.9931381143401187,0.10011914676549483,18.6338732171862,1.0098624902647655,25.208443655369702,0.0,0.0,0.13842713832855225,N/A,N/A,N/A,N/A,N/A,N/A,False,,False,5,0.15,0.22916153146580226,-0.22693717618927875,0.25637550311085716,12,9,fallback-act,0.8626373626373627,,,,,,,,,,,injection+amplification,True,True,False,False,False,False,False,False,False,False,,False,False,False,False,False,False,True,amplifier,False,stable
trunk_output.block1.block1-0.f.a.0,Conv2d,0.024376752076308454,0.09934266104025342,0.07496590896394498,4.07530341734097,0.9950573033398505,0.37857388233651923,20.05728421928625,0.9934112046808987,9.372270043798535,0.015648358938645343,0.015625,0.32524698972702026,0.1412682831287384,0.989993691444397,84.84071417303215,36.35291864582222,5.663525581359863,5.484053611755371,False,,False,6,-0.1,0.3808773211506342,-0.7264874431181814,0.6035519459788792,28,30,mqbench-weight+fallback-act,0.9719329503177786,0.8,0.2338960317680452,0.41527526381677415,0.0003127340034612586,,,,,0.0018764040207675514,,injection+amplification,True,True,True,True,False,False,True,False,False,False,0.8,False,False,False,True,True,True,False,amplifier,False,activation-outlier
trunk_output.block1.block1-0.f.a.1,BatchNorm2d,0.09934266104025342,0.14728373129458125,0.047941070254327825,1.4825829080107107,0.9892091235900834,0.1082779053522616,16.636904438462132,1.0091104138166083,14.116672813716026,0.010312571817514826,0.015625,0.14376935362815857,N/A,N/A,N/A,N/A,N/A,N/A,False,,False,7,-0.05,0.16586894300358512,-0.322830132498054,0.618461572456782,5,6,fallback-act,0.9719329503177786,,,,,,,,,,,injection+amplification,True,True,True,True,False,False,True,False,False,False,,False,False,True,False,True,True,False,amplifier,False,inherits-from-upstream
trunk_output.block1.block1-0.f.a.2,ReLU,0.14728373129458125,0.14805195544188246,0.0007682241473012108,1.0052159470740505,0.9890958476954033,0.10941039481941535,16.591717043168625,1.009213035072383,14.116672813716026,0.02227800962876303,0.015625,0.14369069039821625,N/A,N/A,N/A,N/A,N/A,N/A,False,,True,8,0.05,0.13231592402986098,-0.1676403275439523,0.3527585827269021,4,3,mqbench-act,0.8626373626373627,,,,,0.2,0.09992493430694925,0.03563810938232695,0.02266913545373544,,0.1454429536764032,injection+amplification+dead-channels+zero-inflation,True,True,False,False,False,False,False,False,False,False,,False,False,False,False,False,False,True,amplifier,False,stable
trunk_output.block1.block1-0.f.b.0,Conv2d,0.14805195544188246,0.18553492370058988,0.03748296825870742,1.253174422092799,0.9826696217527706,0.7336975409060108,14.631486600451794,0.9807914829605001,8.945306665259398,5.400910669443559e-07,0.0,0.42610040307044983,0.14424309134483337,0.9896722435951233,8.799164432285103,8.737536918598321,8.079777717590332,7.695125579833984,False,,False,9,1.7500000000000002,0.6092243652084031,0.7479150932597503,0.0020361585461736685,92,57,mqbench-weight+fallback-act,0.06393537834985319,0.1,0.23456877723948635,-0.285831304011941,0.3349394569946373,,,,,0.4306364447073908,,injection+amplification,True,True,True,True,False,False,True,False,False,False,,False,False,False,True,True,True,False,amplifier,False,bias-correctable
trunk_output.block1.block1-0.f.b.1,BatchNorm2d,0.18553492370058988,0.13530955237070205,-0.05022537132988783,0.7292942464517361,0.9908982059941382,0.299022663612755,17.37343085364319,1.0002524769065402,3.3650433965126707,0.0013038674179388643,0.0,0.21846699714660645,N/A,N/A,N/A,N/A,N/A,N/A,False,,False,10,0.2,0.17319063917761074,-0.08487325100533677,0.12408681908631616,8,4,fallback-act,0.7492934844827553,,,,,,,,,,,none,False,True,False,False,False,False,False,False,False,False,,False,False,False,False,False,False,False,damper,False,stable
trunk_output.block1.block1-0.f.b.2,ReLU,0.13530955237070205,0.1355192910752938,0.00020973870459176092,1.001550065763407,0.9908693626407424,0.2999503916623641,17.359977577530245,1.000192597675608,3.3650433965126707,0.00998557343774914,0.0,0.21849238872528076,N/A,N/A,N/A,N/A,N/A,N/A,False,,True,11,0.0,0.10002500937890794,-0.16452649946275175,0.5,2,2,mqbench-act,0.8626373626373627,,,,,0.1,0.12248469802642821,-0.10146939979482628,0.20712754690278293,,0.31716405619488636,injection+amplification+zero-inflation,True,True,False,False,False,False,False,False,False,False,,False,False,False,False,False,False,True,amplifier,False,stable
trunk_output.block1.block1-0.f.c.0,Conv2d,0.1355192910752938,0.2027446846105218,0.067225393535228,1.4960577420514833,0.9795668197788524,1.80815754131395,13.861010458694174,0.9983083242898135,2.2553559163075123,1.6251388861208546e-06,0.0,0.7609917521476746,0.15100717544555664,0.9886090159416199,4111.131456137535,252.56694264943457,7.881634712219238,7.288618564605713,False,,False,12,2.9499999999999997,0.6468059438227838,1.8860988973693236,2.5470648842610215e-06,114,55,mqbench-weight+fallback-act,0.00019994459341449018,0.5,0.264404907249258,0.06509262932729032,0.02930956699261075,,,,,0.0719416644364082,,injection+amplification,True,True,True,True,False,False,True,False,False,False,2.9499999999999997,False,False,False,True,True,True,False,amplifier,False,bias-correctable
trunk_output.block1.block1-0.f.c.1,BatchNorm2d,0.2027446846105218,0.3178531597266586,0.11510847511613681,1.5677508899296837,0.95036680782302,2.5719131450263824,9.955469339222539,1.0472721769099775,5.9574186118942904,0.0,0.0,0.8647485971450806,N/A,N/A,N/A,N/A,N/A,N/A,False,,False,13,0.0,0.2121850872602215,-0.34901341036498995,0.5,9,9,fallback-act,0.8626373626373627,,,,,,,,,,,injection+amplification,True,True,True,True,False,False,True,False,False,False,,False,False,True,False,True,True,False,amplifier,False,inherits-from-upstream
trunk_output.block1.block1-0.activation,ReLU,0.22748411994808918,0.227618312449492,0.00013419250140281336,1.0005898983253576,0.9737686531882354,1.3401223250797816,12.855856016379668,0.9696665451980765,3.215519554696927,0.0482115842858139,0.0,0.5439682006835938,N/A,N/A,N/A,N/A,N/A,N/A,False,,True,14,0.0,0.14145672484014765,-0.23267560690999328,0.5,4,4,mqbench-act,0.8626373626373627,,,,,0.15,0.11178102477052791,-0.0338634240181552,0.08981269819543625,,0.20956296245601788,injection+amplification+zero-inflation,True,True,False,False,False,False,False,False,False,False,,False,False,False,False,False,False,True,amplifier,False,stable
trunk_output.block2.block2-0.proj.0,Conv2d,0.227618312449492,0.17810208335307132,-0.04951622909642067,0.7824593787575496,0.9840876282507212,0.7636998137649225,14.986620006754128,0.943892722141795,7.697435655386252,1.0451491998166454e-05,0.0,0.4171602427959442,0.142488494515419,0.9898351430892944,34.379167188100325,30.008299384137086,7.535982131958008,7.357456207275391,False,,False,15,0.5,0.264404907249258,0.06509262932729032,0.02930956699261075,19,9,mqbench-weight+fallback-act,0.3282817715002731,0.2,0.17319063917761074,-0.08487325100533677,0.12408681908631616,,,,,0.20393358969853956,,none,False,True,False,False,False,False,False,False,False,False,,False,False,False,False,False,False,False,damper,False,stable
trunk_output.block2.block2-0.proj.1,BatchNorm2d,0.17810208335307132,0.11675630503871418,-0.06134577831435714,0.6555583339654446,0.9931607411756277,0.09043719452254627,18.65439314978338,0.9804092914783489,3.172017506254015,0.0,0.0,0.1334744691848755,N/A,N/A,N/A,N/A,N/A,N/A,False,,False,16,0.1,0.0706929893933952,-0.01627962000376805,0.07859768263876454,2,0,fallback-act,0.5365146162733058,,,,,,,,,,,none,False,True,False,False,False,False,False,False,False,False,,False,False,False,False,False,False,False,damper,False,stable
trunk_output.block2.block2-0.f.a.0,Conv2d,0.227618312449492,0.24411164325245255,0.01649333080296056,1.072460473963932,0.9697538256886808,4.128264018467495,12.24823011590049,0.9389384104476387,1.6308089136228379,4.646729449836575e-06,0.0,1.075761079788208,0.14929203689098358,0.9888014793395996,13.870029112208256,13.087973696132611,7.98442268371582,7.34412145614624,False,,False,17,0.7000000000000001,0.5337578558900675,-0.1779535451746187,0.0948518567809755,64,50,mqbench-weight+fallback-act,0.6204892297755481,0.05,0.2291833600117014,-0.32697308095217203,0.4136499163010696,,,,,0.4855890321795165,,injection+amplification,True,True,True,False,False,False,True,False,False,False,,False,False,False,True,True,True,False,amplifier,False,activation-outlier+bias-correctable
trunk_output.block2.block2-0.f.a.1,BatchNorm2d,0.24411164325245255,0.3064506534958268,0.06233901024337424,1.2553709008418956,0.9535039675318956,0.47615306961293125,10.272788963846892,0.9742060639103846,5.852602621314007,-0.017635394115837255,0.0,0.28900521993637085,N/A,N/A,N/A,N/A,N/A,N/A,False,,False,18,-0.2,0.15809015228066564,-0.4600351603641634,0.8970824267188744,3,7,fallback-act,0.9908230399021505,,,,,,,,,,,injection+amplification,True,True,True,True,False,False,True,False,False,False,,False,False,True,False,True,True,False,amplifier,False,inherits-from-upstream
trunk_output.block2.block2-0.f.a.2,ReLU,0.3064506534958268,0.3065672443905055,0.00011659089467869199,1.000380455689517,0.9534675836203291,0.4765154488232671,10.269484996182376,0.9741932022745294,5.852602621314007,-0.012134403598551835,0.0,0.2889959216117859,N/A,N/A,N/A,N/A,N/A,N/A,False,,True,19,-0.1,0.1,-0.2644853626951472,0.8413447460685429,1,3,mqbench-act,0.9857546651698601,,,,,0.15,0.08655920660521364,0.007622775069372506,0.04155512962182949,,0.1454429536764032,injection+amplification,True,True,False,False,False,False,False,False,False,False,,False,False,False,False,False,False,True,amplifier,False,stable
trunk_output.block2.block2-0.f.b.0,Conv2d,0.3065672443905055,0.3641931191604868,0.05762587476998132,1.1879714021129324,0.9375883563077401,2.4372442693126444,8.7733652750977,1.095136907500982,4.255382538634599,1.7516467036033162e-07,0.0,0.75815349817276,0.14970871806144714,0.9888306260108948,131.399224080431,127.52018628066396,7.943231582641602,7.028902530670166,False,,False,20,0.3,0.4416475135932857,-0.42644551456801555,0.24848189921154012,42,36,mqbench-weight+fallback-act,0.8626373626373627,0.65,0.2287245230702796,0.27378163865510496,0.0022426536288076317,,,,,0.010091941329634342,,injection+amplification,True,True,True,True,False,False,True,False,False,False,0.65,False,False,False,True,True,True,False,amplifier,False,bias-correctable
trunk_output.block2.block2-0.f.b.1,BatchNorm2d,0.3641931191604868,0.26570244919369723,-0.09849066996678957,0.7295647150231076,0.9651047636133301,0.5959226622873423,11.51208884657763,1.0202061874132218,2.120069664811907,0.0004951418662557661,0.0,0.3339381515979767,N/A,N/A,N/A,N/A,N/A,N/A,False,,False,21,0.0,0.1871296576023619,-0.3078008960174321,0.5,7,7,fallback-act,0.8626373626373627,,,,,,,,,,,none,False,True,False,False,False,False,False,False,False,False,,False,False,False,False,False,False,False,damper,False,stable
trunk_output.block2.block2-0.f.b.2,ReLU,0.26570244919369723,0.2658601404070138,0.00015769121331654645,1.0005934879930354,0.9650627471636806,0.596630218077679,11.506935404470395,1.020238760760181,2.120069664811907,0.008141955550836022,0.0,0.3339524567127228,N/A,N/A,N/A,N/A,N/A,N/A,False,,True,22,-0.1,0.0706929893933952,-0.21627962000376805,0.9214023173612355,0,2,mqbench-act,0.9908230399021505,,,,,0.15,0.11178102477052791,-0.0338634240181552,0.08981269819543625,,0.20956296245601788,injection+amplification+zero-inflation,True,True,False,False,False,False,False,False,False,False,,False,False,False,False,False,False,True,amplifier,False,stable
trunk_output.block2.block2-0.f.c.0,Conv2d,0.2658601404070138,0.2962592678699377,0.030399127462923947,1.1143425540074754,0.9552289449171771,2.3522228610758877,10.566561094957263,0.942049665669417,1.2720384989741165,1.4597055863360969e-06,0.0,0.833156943321228,0.19737820327281952,0.9805279970169067,967.5645706939259,21875.145222850308,10.968857765197754,10.358238220214844,False,,False,23,2.0500000000000003,0.6128511591501118,1.041949548090525,0.00041138169595868933,96,55,mqbench-weight+fallback-act,0.021528975421838074,1.4000000000000001,0.31475313305411856,0.8822771675015939,4.335082434551626e-06,,,,,4.6818890293157553e-05,,injection+amplification+conditioning-broken,True,True,True,False,False,True,True,False,False,False,2.0500000000000003,False,False,False,True,True,True,False,amplifier,False,weight-limited+weight-outlier+ill-conditioned+bias-correctable
trunk_output.block2.block2-0.f.c.1,BatchNorm2d,0.2962592678699377,0.4670826190108583,0.17082335114092057,1.5766008684525428,0.8974899555966955,2.959842214778978,6.612125865895751,1.1209278941219503,4.727043763991425,0.0,0.0,0.8552605509757996,N/A,N/A,N/A,N/A,N/A,N/A,False,,False,24,0.0,0.14145672484014765,-0.23267560690999328,0.5,4,4,fallback-act,0.8626373626373627,,,,,,,,,,,injection+amplification,True,True,True,True,False,False,True,False,False,False,,False,False,True,False,True,True,False,amplifier,False,inherits-from-upstream
trunk_output.block2.block2-0.activation,ReLU,0.26585883677936006,0.2659120908068725,5.325402751243935e-05,1.0002003094129108,0.9652805785206848,1.700359938096027,11.505238304039889,1.041288298426341,-0.015432433814259294,0.009607227481141373,0.0,0.615036129951477,N/A,N/A,N/A,N/A,N/A,N/A,False,,True,25,-0.1,0.0706929893933952,-0.21627962000376805,0.9214023173612355,0,2,mqbench-act,0.9908230399021505,,,,,0.0,0.07072836242007383,-0.11633780345499664,0.5,,0.5975609756097561,injection+amplification+zero-inflation,True,True,False,False,False,False,False,False,False,False,,False,False,False,False,False,False,True,amplifier,False,stable
trunk_output.block2.block2-1.f.a.0,Conv2d,0.2659120908068725,0.25829470650073766,-0.0076173843061348445,0.9713537497184841,0.9667720562859783,3.4292777509105448,11.757689883585664,1.0022531592832533,1.073218255474269,1.6543329978475765e-07,0.0,1.0995206832885742,0.18792155385017395,0.982429563999176,1528.4318717475187,788.1263212482355,10.430734634399414,9.305390357971191,False,,False,26,0.35000000000000003,0.3905316984621759,-0.29236748065502866,0.18506922326885494,34,27,mqbench-weight+fallback-act,0.8626373626373627,-0.35000000000000003,0.21785885623637227,-0.7083459298438963,0.9459228637289945,,,,,0.9522833749886611,,none,False,True,False,False,False,False,False,False,False,False,,False,False,False,False,False,False,False,propagator,False,stable
trunk_output.block2.block2-1.f.a.1,BatchNorm2d,0.25829470650073766,0.4234216870467941,0.16512698054605646,1.639296804735659,0.9120713573577522,0.4880416149995765,7.464538036226104,1.0451389987930115,4.357338009985998,0.007054922532062136,0.0078125,0.3235401511192322,N/A,N/A,N/A,N/A,N/A,N/A,False,,False,27,-0.1,0.17323396030369234,-0.38494450791669566,0.7181160652029447,5,7,fallback-act,0.9719329503177786,,,,,,,,,,,injection+amplification,True,True,True,True,False,False,True,False,False,False,,False,False,True,False,True,True,False,amplifier,False,inherits-from-upstream
trunk_output.block2.block2-1.f.a.2,ReLU,0.4234216870467941,0.4235090037339176,8.731668712347318e-05,1.0002062168514148,0.9120372297000781,0.4882429205641455,7.462747044073242,1.0452403147160898,4.357338009985998,0.013242964841881588,0.0078125,0.323543906211853,N/A,N/A,N/A,N/A,N/A,N/A,False,,True,28,-0.1,0.0706929893933952,-0.21627962000376805,0.9214023173612355,0,2,mqbench-act,0.9908230399021505,,,,,0.05,0.08661698015184618,-0.09247225395834786,0.2818839347970553,,0.36348191592251866,injection+amplification+dead-channels+zero-inflation,True,True,False,False,False,False,False,False,False,False,,False,False,False,False,False,False,True,amplifier,False,stable
trunk_output.block2.block2-1.f.b.0,Conv2d,0.4235090037339176,0.47566353557658697,0.05215453184266938,1.1231485786201538,0.8844501460525263,1.0176694831069635,6.454002807417178,0.9538787954169894,2.389931267914915,6.714645697146046e-07,0.0,0.44142186641693115,0.18790659308433533,0.9823866486549377,87.89388235035689,82.31815503931716,11.356053352355957,10.155733108520508,False,,False,29,0.5499999999999999,0.3569488145772641,-0.037128552293441364,0.06167821068912574,31,20,mqbench-weight+fallback-act,0.4841739539096371,0.8999999999999999,0.22275504462290513,0.5336005569302773,2.6690008895706248e-05,,,,,0.00018015756004601717,,injection+amplification,True,True,True,False,False,False,True,False,False,False,0.8999999999999999,False,False,False,True,True,True,False,amplifier,False,bias-correctable
trunk_output.block2.block2-1.f.b.1,BatchNorm2d,0.47566353557658697,0.4753481330125451,-0.00031540256404188893,0.9993369208685304,0.886467911524839,0.6906459234198745,6.4597641498985725,0.9787351171031021,20.0530801246261,-0.004825241711674866,0.0,0.2707475423812866,N/A,N/A,N/A,N/A,N/A,N/A,False,,False,30,0.05,0.15003334630175139,-0.196782893828102,0.3694692995003076,5,4,fallback-act,0.8626373626373627,,,,,,,,,,,none,False,True,False,False,False,False,False,False,False,False,,False,False,False,False,False,False,False,propagator,False,stable
trunk_output.block2.block2-1.f.b.2,ReLU,0.4753481330125451,0.4758171224348962,0.0004689894223511293,1.0009866230448385,0.8862643546845914,0.6920094100796447,6.45119867576934,0.9793925759621878,20.0530801246261,0.010871060040532288,0.0,0.27078527212142944,N/A,N/A,N/A,N/A,N/A,N/A,False,,True,31,-0.05,0.05000000000000001,-0.1322426813475736,0.8413447460685428,0,1,mqbench-act,0.9857546651698601,,,,,0.05,0.08661698015184618,-0.09247225395834786,0.2818839347970553,,0.36348191592251866,injection+amplification+zero-inflation,True,True,False,False,False,False,False,False,False,False,,False,False,False,False,False,False,True,amplifier,False,stable
trunk_output.block2.block2-1.f.c.0,Conv2d,0.4758171224348962,0.3981761472039134,-0.07764097523098279,0.8368260166139649,0.9187919432965951,1.14762874038852,7.998495199984086,0.9428619370564343,4.69162435413857,1.0500148851044323e-05,0.0,0.4793481230735779,0.18863631784915924,0.9823808073997498,418.80760830506273,2478.698403879185,9.412092208862305,8.811718940734863,False,,False,32,-0.1,0.38738873888835323,-0.7371977722006646,0.6018500420789754,29,31,mqbench-weight+fallback-act,0.9719329503177786,-0.05,0.15003334630175139,-0.296782893828102,0.6305307004996924,,,,,0.6809731565396677,,conditioning-broken,True,True,False,False,False,True,True,False,False,False,,False,False,False,True,True,True,False,damper,False,ill-conditioned+activation-outlier+bias-correctable
trunk_output.block2.block2-1.f.c.1,BatchNorm2d,0.3981761472039134,0.4165101144937148,0.018333967289801356,1.0460448658678998,0.913253233671348,1.4937223998867735,7.607488955229273,1.001982983676236,15.2495360321523,0.0,0.0,0.4877246022224426,N/A,N/A,N/A,N/A,N/A,N/A,False,,False,33,0.25,0.23978636064083103,-0.14441346499356467,0.14856801159910257,14,9,fallback-act,0.8626373626373627,,,,,,,,,,,injection+amplification,True,True,True,False,False,False,True,False,False,False,,False,False,True,False,True,True,False,amplifier,False,inherits-from-upstream
trunk_output.block2.block2-1.activation,ReLU,0.25927932908295553,0.25954048194572177,0.00026115286276623406,1.0010072259276892,0.9663251504463963,2.3943310270504075,11.71589786502234,1.0018111811085755,4.368336769773245,0.01039570205065668,0.0,0.6793501377105713,N/A,N/A,N/A,N/A,N/A,N/A,False,,True,34,-0.3,0.14129749640827197,-0.5324136994463088,0.983130608915901,1,7,mqbench-act,1.0,,,,,0.15,0.08655920660521364,0.007622775069372506,0.04155512962182949,,0.1454429536764032,injection+amplification+zero-inflation,True,True,False,False,False,False,False,False,False,False,,False,False,False,False,False,False,True,amplifier,False,stable
trunk_output.block2.block2-2.f.a.0,Conv2d,0.25954048194572177,0.2809212439722229,0.021380762026501132,1.0823792953847275,0.9602614679920376,4.444843272773587,11.02830834227322,0.9849262876953442,0.23221944683538265,4.447236353037309e-06,0.0,1.1343307495117188,0.17826931178569794,0.9842308163642883,1626.1527078100994,2148.353780596346,9.547722816467285,8.7185640335083,False,,False,35,0.5,0.40614957680560204,-0.16805660449350002,0.10914767915502407,38,28,mqbench-weight+fallback-act,0.6854474250935512,1.05,0.2489573053154596,0.6405016733958013,1.2346328847792028e-05,,,,,0.00011111695963012826,,injection+amplification,True,True,True,False,False,False,True,False,False,False,1.05,False,False,False,True,True,True,False,amplifier,False,activation-outlier+bias-correctable
trunk_output.block2.block2-2.f.a.1,BatchNorm2d,0.2809212439722229,0.5035020256427639,0.22258078167054102,1.792324491103811,0.8782769195745436,0.5278699957594579,5.959975557869425,1.0915540560232286,6.526865553175597,0.02122074243973715,0.0078125,0.29908880591392517,N/A,N/A,N/A,N/A,N/A,N/A,False,,False,36,-0.05,0.13231592402986098,-0.2676403275439523,0.6472414172730979,3,4,fallback-act,0.9719329503177786,,,,,,,,,,,injection+amplification,True,True,True,True,False,False,True,False,False,False,,False,False,True,False,True,True,False,amplifier,False,inherits-from-upstream
trunk_output.block2.block2-2.f.a.2,ReLU,0.5035020256427639,0.5036668495248581,0.0001648238820941561,1.0003273549533067,0.878207726571,0.5282156540423023,5.95713265416645,1.091830640401668,6.526865553175597,0.028639696082290333,0.0078125,0.29910343885421753,N/A,N/A,N/A,N/A,N/A,N/A,False,,True,37,-0.05,0.08661698015184618,-0.19247225395834788,0.7181160652029447,1,2,mqbench-act,0.9719329503177786,,,,,0.05,0.05000000000000001,-0.03224268134757362,0.1586552539314571,,0.2507776594400451,injection+amplification+dead-channels+zero-inflation,True,True,False,False,False,False,False,False,False,False,,False,False,False,False,False,False,True,amplifier,False,stable
trunk_output.block2.block2-2.f.b.0,Conv2d,0.5036668495248581,0.46488591230713616,-0.03878093721772191,0.9230027998580679,0.8998537740736974,1.0044694044152085,6.653072285629472,1.109781171347932,3.162519301341587,0.007657381953025351,0.0,0.458794504404068,0.1791013926267624,0.9840587973594666,56.56599557355039,55.63655222250811,9.328614234924316,8.14752197265625,False,,False,38,0.3,0.36058287536293576,-0.2931060503573156,0.20270834839888263,29,23,mqbench-weight+fallback-act,0.8626373626373627,0.25,0.19361687361093669,-0.06847141679795399,0.09831547306782333,,,,,0.176967851522082,,none,False,True,False,False,False,False,False,False,False,False,,False,False,False,False,False,False,False,damper,False,stable
trunk_output.block2.block2-2.f.b.1,BatchNorm2d,0.46488591230713616,0.45409248759613574,-0.010793424711000421,0.9767826375778204,0.8952548827294715,0.5145063619224393,6.857113658194354,0.9726594069798972,5.286956422960079,0.00826564127085161,0.0078125,0.21675366163253784,N/A,N/A,N/A,N/A,N/A,N/A,False,,False,39,0.0,0.12250511724771311,-0.20150298642501627,0.5,3,3,fallback-act,0.8626373626373627,,,,,,,,,,,none,False,True,False,False,False,False,False,False,False,False,,False,False,False,False,False,False,False,propagator,False,stable
trunk_output.block2.block2-2.f.b.2,ReLU,0.45409248759613574,0.45422344643099805,0.00013095883486230475,1.00028839683201,0.8951989085779447,0.5148031687249943,6.854609036284701,0.972832704093736,5.286956422960079,0.015594015316087395,0.0078125,0.2167481780052185,N/A,N/A,N/A,N/A,N/A,N/A,False,,True,40,0.05,0.05000000000000001,-0.03224268134757362,0.1586552539314571,1,0,mqbench-act,0.8626373626373627,,,,,0.05,0.08661698015184618,-0.09247225395834786,0.2818839347970553,,0.36348191592251866,injection+amplification+dead-channels+zero-inflation,True,True,False,False,False,False,False,False,False,False,,False,False,False,False,False,False,True,amplifier,False,stable
trunk_output.block2.block2-2.f.c.0,Conv2d,0.45422344643099805,0.42273154836989,-0.031491898061108026,0.9306687087411459,0.9100452468636616,0.7104888789507807,7.47870679304434,0.9876361612657867,0.8608096853285954,9.770296057876275e-06,0.0,0.30472999811172485,0.16602158546447754,0.9863182902336121,3569.894382508824,3864.827484159914,10.479859352111816,9.080636978149414,False,,False,41,0.25,0.3969225664558277,-0.40287952305375496,0.26439774787343223,34,29,mqbench-weight+fallback-act,0.8626373626373627,0.44999999999999996,0.16556707471026377,0.17766639665907724,0.003284569895703607,,,,,0.012669055311999628,,none,False,True,False,False,False,False,False,False,False,False,0.44999999999999996,False,False,False,False,False,False,False,damper,False,stable
trunk_output.block2.block2-2.f.c.1,BatchNorm2d,0.42273154836989,0.5128455770377124,0.09011402866782237,1.2131708149422824,0.874260001246771,1.7955398267629195,5.800267712826698,1.0833597918067361,3.439902833157886,0.0,0.0,0.4426520764827728,N/A,N/A,N/A,N/A,N/A,N/A,False,,False,42,-0.05,0.13231592402986098,-0.2676403275439523,0.6472414172730979,3,4,fallback-act,0.9719329503177786,,,,,,,,,,,injection+amplification,True,True,True,True,False,False,True,False,False,False,,False,False,True,False,True,True,False,amplifier,False,inherits-from-upstream
trunk_output.block2.block2-2.activation,ReLU,0.26778662166601147,0.26788088996656706,9.426830055558888e-05,1.0003520276702738,0.9642278580773942,3.262884860136071,11.441165337995711,1.0221371542304225,0.09955450426880263,0.02106139124656209,0.0,0.7178905606269836,N/A,N/A,N/A,N/A,N/A,N/A,False,,True,43,-0.05,0.08661698015184618,-0.19247225395834788,0.7181160652029447,1,2,mqbench-act,0.9719329503177786,,,,,0.15,0.08655920660521364,0.007622775069372506,0.04155512962182949,,0.1454429536764032,injection+amplification+zero-inflation,True,True,False,False,False,False,False,False,False,False,,False,False,False,False,False,False,True,amplifier,False,stable
trunk_output.block3.block3-0.proj.0,Conv2d,0.26788088996656706,0.3075817345535596,0.03970084458699252,1.1482033473606401,0.9545665636923724,1.93876218038892,10.240789165326847,1.0625533005600651,5.459899457893062,4.84406001984127e-07,0.0,0.7283837795257568,0.20633886754512787,0.9788462519645691,23.293922528171336,20.663156786745226,10.443216323852539,9.846936225891113,False,,False,44,0.3,0.393741687224161,-0.3476474423126534,0.22305362333231316,34,28,mqbench-weight+fallback-act,0.8626373626373627,0.44999999999999996,0.20596106423300012,0.11122419648556459,0.014448860544573798,,,,,0.045896380553352066,,injection+amplification,True,True,True,False,False,False,True,False,False,False,0.44999999999999996,False,False,False,True,True,True,False,amplifier,False,weight-limited+bias-correctable
trunk_output.block3.block3-0.proj.1,BatchNorm2d,0.3075817345535596,0.3910041864228344,0.08342245186927483,1.2712204350832426,0.9255879756378094,0.4021510710251304,8.156371853074859,1.1166391258421742,4.8481296923481665,0.0,0.0,0.26992225646972656,N/A,N/A,N/A,N/A,N/A,N/A,False,,False,45,0.0,0.14145672484014765,-0.23267560690999328,0.5,4,4,fallback-act,0.8626373626373627,,,,,,,,,,,injection+amplification,True,True,True,True,False,False,True,False,False,False,,False,False,True,False,True,True,False,amplifier,False,inherits-from-upstream
trunk_output.block3.block3-0.f.a.0,Conv2d,0.26788088996656706,0.2819113774515888,0.014030487485021725,1.0523758431845318,0.9609794644714885,8.079301206973675,10.997747928134933,1.0270662824743297,0.4448709397086108,1.5137687562003967e-07,0.0,1.365811824798584,0.1913338303565979,0.9817888140678406,24.91653469299832,16.55175790278021,10.642708778381348,9.899495124816895,False,,False,46,8.1,0.8381803344964426,6.721316036764128,2.14830449588282e-22,228,66,mqbench-weight+fallback-act,3.3728380585360274e-20,16.2,0.8391257748591784,14.819760925754416,2.3999958067934534e-83,,,,,1.295997735668465e-81,,injection+amplification,True,True,True,False,False,False,True,True,True,False,16.2,True,True,False,True,True,True,False,amplifier,False,weight-limited+bias-correctable
trunk_output.block3.block3-0.f.a.1,BatchNorm2d,0.2819113774515888,0.7039063835434667,0.4219950060918779,2.496906616209007,0.746306653937715,0.5580331603415699,3.0497019255093587,0.9536323766233239,22.598830890853055,0.014060744893253485,0.0,0.20716659724712372,N/A,N/A,N/A,N/A,N/A,N/A,False,,False,47,-0.05,0.11182576850283943,-0.23393702090853113,0.6726072830405925,2,3,fallback-act,0.9719329503177786,,,,,,,,,,,injection+amplification,True,True,True,True,False,False,True,False,False,False,,False,False,True,False,True,True,False,amplifier,False,inherits-from-upstream
trunk_output.block3.block3-0.f.a.2,ReLU,0.7039063835434667,0.7040495429358486,0.00014315939238196407,1.0002033784544775,0.7462225165284858,0.5582601672667765,3.047935582310994,0.9538591498419152,22.598830890853055,0.0201498148392657,0.0,0.20716534554958344,N/A,N/A,N/A,N/A,N/A,N/A,False,,True,48,0.0,0.0,0.0,1.0,0,0,mqbench-act,1.0,,,,,0.05,0.08661698015184618,-0.09247225395834786,0.2818839347970553,,0.36348191592251866,injection+amplification+zero-inflation,True,True,False,False,False,False,False,False,False,False,,False,False,False,False,False,False,True,amplifier,False,stable
trunk_output.block3.block3-0.f.b.0,Conv2d,0.7040495429358486,0.7282414972383842,0.024191954302535512,1.0343611533382386,0.7448805713580855,1.5402413625565787,2.754491547641553,1.0737906258910839,6.610632529454071,0.0024724255343413406,0.0,0.5666855573654175,0.15573900938034058,0.9879152178764343,70.65443524639461,43.559777579036655,7.727132320404053,6.76737642288208,False,,False,49,0.5,0.2737013997554891,0.04980125991048895,0.03386429567311504,20,10,mqbench-weight+fallback-act,0.33229340129244134,-0.15,0.15,-0.3967280440427208,0.8413447460685429,,,,,0.8737041593788715,,injection+amplification,True,True,True,False,False,False,True,False,False,False,,False,False,False,True,True,True,False,amplifier,False,activation-outlier+bias-correctable
trunk_output.block3.block3-0.f.b.1,BatchNorm2d,0.7282414972383842,0.4445829398691748,-0.28365855736920936,0.6104883360191764,0.9041827305884645,1.2838554641827433,7.040944132912964,1.0940184717886006,0.6561203267928426,0.004429148978927516,0.0,0.4925367534160614,N/A,N/A,N/A,N/A,N/A,N/A,False,,False,50,-0.2,0.1413859787867904,-0.4325592400075361,0.9214023173612355,2,6,fallback-act,0.9908230399021505,,,,,,,,,,,none,False,True,False,False,False,False,False,False,False,False,,False,False,False,False,False,False,False,damper,False,stable
trunk_output.block3.block3-0.f.b.2,ReLU,0.4445829398691748,0.44463674788796587,5.3808018791068335e-05,1.0001210303274501,0.9041595288431512,1.284166253883552,7.039892940457674,1.0940773357471525,0.6561203267928426,0.010494569531914327,0.0,0.4925273358821869,N/A,N/A,N/A,N/A,N/A,N/A,False,,True,51,-0.05,0.05000000000000001,-0.1322426813475736,0.8413447460685428,0,1,mqbench-act,0.9857546651698601,,,,,0.0,0.10002500937890794,-0.16452649946275175,0.5,,0.5975609756097561,injection+amplification+zero-inflation,True,True,False,False,False,False,False,False,False,False,,False,False,False,False,False,False,True,amplifier,False,stable
trunk_output.block3.block3-0.f.c.0,Conv2d,0.44463674788796587,0.5267724021647033,0.08213565427673747,1.1847252946745486,0.8662527286716016,3.752748346653114,5.567539719821681,1.0722860255558937,0.6618987101194516,1.0380128613945578e-07,0.0,1.0431203842163086,0.2194741815328598,0.9763208031654358,15128.271468834895,1931.5155195503196,15.194679260253906,13.755861282348633,False,,False,52,1.35,0.5583409552514983,0.4316108546790235,0.007805666981684948,76,49,mqbench-weight+fallback-act,0.14150561161674985,3.25,0.4442042421053092,2.519349041265852,1.2730441751002738e-13,,,,,3.437219272770739e-12,,injection+amplification,True,True,True,True,False,False,True,False,True,False,3.25,True,True,False,True,True,True,False,amplifier,False,weight-limited+weight-outlier+bias-correctable
trunk_output.block3.block3-0.f.c.1,BatchNorm2d,0.5267724021647033,0.7879693179522468,0.26119691578754345,1.4958439635679248,0.7130830333187963,3.7832975668701727,2.069813855880352,1.1979417746949763,4.2124912361099875,0.0,0.0,1.0025897026062012,N/A,N/A,N/A,N/A,N/A,N/A,False,,False,53,0.1,0.15813761017504954,-0.1601132216538683,0.2635756243794994,6,4,fallback-act,0.8626373626373627,,,,,,,,,,,injection+amplification,True,True,True,True,False,False,True,False,False,False,,False,False,True,False,True,True,False,amplifier,False,inherits-from-upstream
trunk_output.block3.block3-0.activation,ReLU,0.467227577096188,0.46730194463990044,7.436754371242804e-05,1.0001591677104649,0.8903490569227245,2.373062436542814,6.6080482337991695,1.0212370255109504,0.8230192380589876,0.017120292127267567,0.0,0.7312561273574829,N/A,N/A,N/A,N/A,N/A,N/A,False,,True,54,0.1,0.0706929893933952,-0.01627962000376805,0.07859768263876454,2,0,mqbench-act,0.5365146162733058,,,,,0.1,0.09999999999999998,-0.06448536269514718,0.15865525393145702,,0.2507776594400451,injection+amplification+zero-inflation,True,True,False,False,False,False,False,False,False,False,,False,False,False,False,False,False,True,amplifier,False,stable
trunk_output.block3.block3-1.f.a.0,Conv2d,0.46730194463990044,0.4452429627004107,-0.02205898193948974,0.9527950136041308,0.9011974313376888,3.44454485488857,7.028058721271106,0.9969846372966992,0.5703167798230084,5.190064306972789e-08,0.0,0.9887278079986572,0.2328716367483139,0.9734429717063904,1707.1556666278861,1099.4463011380458,15.258548736572266,12.739363670349121,False,,False,55,0.3,0.34643182230238584,-0.26982963940548726,0.19325296266686304,27,21,mqbench-weight+fallback-act,0.8626373626373627,0.35000000000000003,0.249939962776056,-0.061114654292311665,0.08070631935411239,,,,,0.16141263870822478,,none,False,True,False,False,False,False,False,False,False,False,,False,False,False,False,False,False,False,propagator,False,stable
trunk_output.block3.block3-1.f.a.1,BatchNorm2d,0.4452429627004107,0.5703636411788441,0.1251206784784334,1.2810166335242517,0.8301447120760539,0.3903619351030207,4.876963342600682,0.8957284516251244,3.759679201534679,-0.00393354973825466,0.010416686534881592,0.24595853686332703,N/A,N/A,N/A,N/A,N/A,N/A,False,,False,56,-0.05,0.11182576850283939,-0.23393702090853108,0.6726072830405925,2,3,fallback-act,0.9719329503177786,,,,,,,,,,,injection+amplification,True,True,True,True,False,False,True,False,False,False,,False,False,True,False,True,True,False,amplifier,False,inherits-from-upstream
trunk_output.block3.block3-1.f.a.2,ReLU,0.5703636411788441,0.5704467794687679,8.31382899237898e-05,1.0001457636565894,0.8301014150553263,0.3904757445631654,4.875697347832079,0.8958976452780565,3.759679201534679,0.0022099985827664925,0.010416686534881592,0.24595896899700165,N/A,N/A,N/A,N/A,N/A,N/A,False,,True,57,-0.05,0.05000000000000001,-0.1322426813475736,0.8413447460685428,0,1,mqbench-act,0.9857546651698601,,,,,0.2,0.09992493430694925,0.03563810938232695,0.02266913545373544,,0.1454429536764032,injection+amplification+dead-channels+zero-inflation,True,True,False,False,False,False,False,False,False,False,,False,False,False,False,False,False,True,amplifier,False,stable
trunk_output.block3.block3-1.f.b.0,Conv2d,0.5704467794687679,0.5539238249112731,-0.01652295455749475,0.9710350638268449,0.8390524523838401,0.5198347909109933,5.130999098764262,0.8918245786121615,12.38029201157743,0.004853523237094317,0.0,0.315635085105896,0.19743669033050537,0.9806444048881531,22.09466094978975,16.818708593409376,10.965723991394043,9.6461181640625,False,,False,58,0.44999999999999996,0.27827588600949094,-0.007723100395845672,0.052928323339071603,20,11,mqbench-weight+fallback-act,0.43735509285443375,0.2,0.17319063917761074,-0.08487325100533677,0.12408681908631616,,,,,0.20393358969853956,,none,False,True,False,False,False,False,False,False,False,False,,False,False,False,False,False,False,False,propagator,False,stable
trunk_output.block3.block3-1.f.b.1,BatchNorm2d,0.5539238249112731,0.7819496237313112,0.22802579882003804,1.4116555175372045,0.692617919418396,0.40713396742771,2.13642449993432,0.9881349131208989,56.928696876959876,-0.005167591328523624,0.006944417953491211,0.17420071363449097,N/A,N/A,N/A,N/A,N/A,N/A,False,,False,59,-0.15,0.11178102477052791,-0.33386342401815516,0.9101873018045638,1,4,fallback-act,0.9908230399021505,,,,,,,,,,,injection+amplification,True,True,True,True,False,False,True,False,False,False,,False,False,True,False,True,True,False,amplifier,False,inherits-from-upstream
trunk_output.block3.block3-1.f.b.2,ReLU,0.7819496237313112,0.7823579637702476,0.0004083400389364167,1.0005222076033338,0.6923779117108162,0.40755929536019325,2.1318898462359015,0.9889181615338176,56.928696876959876,0.008111101699794454,0.006944417953491211,0.17423273622989655,N/A,N/A,N/A,N/A,N/A,N/A,False,,True,60,-0.2,0.09992493430694925,-0.3643618906176731,0.9773308645462646,0,4,mqbench-act,1.0,,,,,0.2,0.09992493430694925,0.03563810938232695,0.02266913545373544,,0.1454429536764032,injection+amplification+dead-channels+zero-inflation,True,True,False,False,False,False,False,False,False,False,,False,False,False,False,False,False,True,amplifier,False,stable
trunk_output.block3.block3-1.f.c.0,Conv2d,0.7823579637702476,0.6973724964962155,-0.08498546727403211,0.8913726564953974,0.7464445355272256,0.4704478192491596,3.1307036931286913,0.9112938920246045,42.20198305182755,4.254122710282029e-05,0.0,0.26288142800331116,0.21916207671165466,0.9763672351837158,1883.1410155993767,1681.3719430369754,15.97752571105957,14.052118301391602,False,,False,61,0.25,0.3201874607241865,-0.27666150607656026,0.2174622434851281,23,18,mqbench-weight+fallback-act,0.8626373626373627,0.0,0.17324839827182206,-0.2849682562609397,0.5,,,,,0.5510204081632653,,none,False,True,False,False,False,False,False,False,False,False,,False,False,False,False,False,False,False,damper,False,stable
trunk_output.block3.block3-1.f.c.1,BatchNorm2d,0.6973724964962155,0.5286308636234387,-0.16874163287277677,0.7580322801363983,0.8660833126498501,0.9360377945326894,5.53694969165877,1.0825309014755373,11.221118481311645,0.0,0.0,0.3314410448074341,N/A,N/A,N/A,N/A,N/A,N/A,False,,False,62,-0.2,0.09992493430694928,-0.3643618906176731,0.9773308645462645,0,4,fallback-act,1.0,,,,,,,,,,,none,False,True,False,False,False,False,False,False,False,False,,False,False,False,False,False,False,False,damper,False,stable
trunk_output.block3.block3-1.activation,ReLU,0.42402426868224985,0.4242147224390106,0.0001904537567607445,1.0004491576799428,0.9094333291563121,2.4871585871897586,7.448285265985039,1.015912821445307,4.4903585337886796,0.027668717226473905,0.0,0.7270436882972717,N/A,N/A,N/A,N/A,N/A,N/A,False,,True,63,0.0,0.10002500937890794,-0.16452649946275175,0.5,2,2,mqbench-act,0.8626373626373627,,,,,0.0,0.10002500937890794,-0.16452649946275175,0.5,,0.5975609756097561,injection+amplification+zero-inflation,True,True,False,False,False,False,False,False,False,False,,False,False,False,False,False,False,True,amplifier,False,stable
trunk_output.block3.block3-2.f.a.0,Conv2d,0.4242147224390106,0.48645959266284955,0.062244870223838955,1.1467296322625575,0.8776466829937878,3.7782239330058194,6.259064563713844,0.9253661993036506,0.7349072120149214,3.85794780151644e-06,0.0,1.098459005355835,0.2585059702396393,0.967082679271698,15462.366399990358,2531.5297015929596,15.952125549316406,14.78658390045166,False,,False,64,0.2,0.3937734485264111,-0.44769968500585616,0.30575954177422715,33,29,mqbench-weight+fallback-act,0.8626373626373627,0.75,0.22857137273993458,0.3740335485314417,0.0005167390154587902,,,,,0.0027903906834774667,,injection+amplification,True,True,True,False,False,False,True,False,False,False,0.75,False,False,False,True,True,True,False,amplifier,False,weight-limited+weight-outlier+bias-correctable
trunk_output.block3.block3-2.f.a.1,BatchNorm2d,0.48645959266284955,0.7153070952762187,0.22884750261336917,1.4704347618281555,0.746155076685625,0.5148072275174719,2.9101493415823376,1.014531804630953,21.06670916566066,0.005893075817566595,0.0034722089767456055,0.29814592003822327,N/A,N/A,N/A,N/A,N/A,N/A,False,,False,65,0.0,0.10002500937890794,-0.16452649946275175,0.5,2,2,fallback-act,0.8626373626373627,,,,,,,,,,,injection+amplification,True,True,True,True,False,False,True,False,False,False,,False,False,True,False,True,True,False,amplifier,False,inherits-from-upstream
trunk_output.block3.block3-2.f.a.2,ReLU,0.7153070952762187,0.7155921839200543,0.00028508864383558485,1.0003985541954195,0.7459963235918595,0.5152176664529744,2.9066882334999056,1.0151510601021954,21.06670916566066,0.01693581994158344,0.0034722089767456055,0.29815518856048584,N/A,N/A,N/A,N/A,N/A,N/A,False,,True,66,-0.05,0.05000000000000001,-0.1322426813475736,0.8413447460685428,0,1,mqbench-act,0.9857546651698601,,,,,0.05,0.05000000000000001,-0.03224268134757362,0.1586552539314571,,0.2507776594400451,injection+amplification+dead-channels+zero-inflation,True,True,False,False,False,False,False,False,False,False,,False,False,False,False,False,False,True,amplifier,False,stable
trunk_output.block3.block3-2.f.b.0,Conv2d,0.7155921839200543,0.7251352359655651,0.009543052045510758,1.0133358807711306,0.7308953631355888,0.6308557765554138,2.7916198201235853,0.9841067268688373,2.7043152617966433,0.000884317757050737,0.0,0.34713199734687805,0.18527473509311676,0.9829354286193848,17.314585275757523,13.818012790331608,10.852078437805176,9.775431632995605,False,,False,67,-0.05,0.25006002280953216,-0.4613121354738268,0.5792409366712323,12,13,mqbench-weight+fallback-act,0.9719329503177786,0.0,0.14145672484014765,-0.23267560690999328,0.5,,,,,0.5510204081632653,,injection+amplification,True,True,False,False,False,False,False,False,False,False,,False,False,False,False,False,False,True,amplifier,False,stable
trunk_output.block3.block3-2.f.b.1,BatchNorm2d,0.7251352359655651,0.8751495447921052,0.1500143088265401,1.2068776986499439,0.6595573427788486,0.5038193315605458,1.158354575469306,1.2177582192310075,18.243617379239144,-0.030592297750806074,0.0034722089767456055,0.19912075996398926,N/A,N/A,N/A,N/A,N/A,N/A,False,,False,68,0.05,0.08661698015184618,-0.09247225395834786,0.2818839347970553,2,1,fallback-act,0.8626373626373627,,,,,,,,,,,injection+amplification,True,True,True,True,False,False,True,False,False,False,,False,False,True,False,True,True,False,amplifier,False,inherits-from-upstream
trunk_output.block3.block3-2.f.b.2,ReLU,0.8751495447921052,0.8753532555936524,0.00020371080154724108,1.0002327725618547,0.659447018227517,0.5040539094920602,1.1563329739638204,1.2182300855973867,18.243617379239144,-0.020464786866895235,0.0034722089767456055,0.19917482137680054,N/A,N/A,N/A,N/A,N/A,N/A,False,,True,69,0.0,0.0,0.0,1.0,0,0,mqbench-act,1.0,,,,,0.05,0.05000000000000001,-0.03224268134757362,0.1586552539314571,,0.2507776594400451,injection+amplification+dead-channels,True,True,False,False,False,False,False,False,False,False,,False,False,False,False,False,False,True,amplifier,False,stable
trunk_output.block3.block3-2.f.c.0,Conv2d,0.8753532555936524,0.7801207458685389,-0.09523250972511355,0.8912067681058338,0.6972137223879222,0.4943682612205038,2.156763453729469,1.0174678810923623,8.77503851988466,8.996111465419501e-07,0.0,0.281250536441803,0.20810289680957794,0.9787216186523438,3493.8564601446915,914.2668302157041,14.046310424804688,12.408880233764648,False,,False,70,0.4,0.2827719575735808,-0.0651184800150722,0.07859768263876454,20,12,mqbench-weight+fallback-act,0.5365146162733058,0.3,0.1580110241149994,0.040094993886126695,0.02880843195304574,,,,,0.0719416644364082,,none,False,True,False,False,False,False,False,False,False,False,,False,False,False,False,False,False,False,damper,False,stable
trunk_output.block3.block3-2.f.c.1,BatchNorm2d,0.7801207458685389,0.7046730159109901,-0.07544772995754878,0.9032871124667375,0.7723409288144992,1.3033908575840818,3.0402471730156773,1.156318689886234,11.535158775653823,0.0,0.0,0.42286327481269836,N/A,N/A,N/A,N/A,N/A,N/A,False,,False,71,-0.1,0.12248469802642821,-0.3014693997948263,0.7928724530972171,2,4,fallback-act,0.9857546651698601,,,,,,,,,,,none,False,True,False,False,False,False,False,False,False,False,,False,False,False,False,False,False,False,damper,False,stable
trunk_output.block3.block3-2.activation,ReLU,0.42494294960517964,0.42507772219260487,0.0001347725874252248,1.0003171545440404,0.9090283102682253,2.9172075232680963,7.430633105660932,0.9950492324669431,1.9673908863062781,0.027867842693718115,0.0,0.7384983897209167,N/A,N/A,N/A,N/A,N/A,N/A,False,,True,72,-0.05,0.08661698015184618,-0.19247225395834788,0.7181160652029447,1,2,mqbench-act,0.9719329503177786,,,,,0.25,0.11169148353275138,0.06628385821156327,0.012600471215631159,,0.1454429536764032,injection+amplification+zero-inflation,True,True,False,False,False,False,False,False,False,False,,False,False,False,False,False,False,True,amplifier,False,stable
trunk_output.block3.block3-3.f.a.0,Conv2d,0.42507772219260487,0.49674070536927956,0.07166298317667469,1.168587953297171,0.8756139932241495,4.403565681440219,6.077405006541019,0.9789213587334225,0.7905534805508543,4.325053589143991e-07,0.0,1.1314469575881958,0.23520158231258392,0.9728308320045471,797.8469738006617,3426.6981828507846,15.809974670410156,14.372411727905273,False,,False,73,0.8,0.42985158624006087,0.09295705932219234,0.03136450046180953,45,29,mqbench-weight+fallback-act,0.3282817715002731,1.2,0.2535984149754076,0.7828677273385563,1.1121905156125587e-06,,,,,1.5014571960769542e-05,,injection+amplification+conditioning-broken,True,True,True,True,False,True,True,False,False,False,1.2,False,False,False,True,True,True,False,amplifier,False,weight-limited+weight-outlier+ill-conditioned+bias-correctable
trunk_output.block3.block3-3.f.a.1,BatchNorm2d,0.49674070536927956,0.8374378845185318,0.3406971791492523,1.6858652320348426,0.693058479662376,0.5357775720609289,1.5409479225096636,1.2216281753389664,12.163047121732605,-0.029088217114645376,0.0034722089767456055,0.27890777587890625,N/A,N/A,N/A,N/A,N/A,N/A,False,,False,74,0.05,0.1118257685028394,-0.1339370209085311,0.3273927169594075,3,2,fallback-act,0.8626373626373627,,,,,,,,,,,injection+amplification,True,True,True,True,False,False,True,False,False,False,,False,False,True,False,True,True,False,amplifier,False,inherits-from-upstream
trunk_output.block3.block3-3.f.a.2,ReLU,0.8374378845185318,0.8376027681635065,0.00016488364497468933,1.00019689059693,0.6929735181598573,0.535988571962802,1.5392379208500573,1.2220074086929538,12.163047121732605,-0.02101617929886801,0.0034722089767456055,0.27890682220458984,N/A,N/A,N/A,N/A,N/A,N/A,False,,True,75,-0.1,0.0706929893933952,-0.21627962000376805,0.9214023173612355,0,2,mqbench-act,0.9908230399021505,,,,,-0.05,0.08661698015184617,-0.19247225395834783,0.7181160652029447,,0.8378020760701022,injection+amplification+dead-channels,True,True,False,False,False,False,False,False,False,False,,False,False,False,False,False,False,True,amplifier,False,stable
trunk_output.block3.block3-3.f.b.0,Conv2d,0.8376027681635065,0.8574225839701076,0.019819815806601082,1.0236625481193875,0.6634097498686548,0.568001701718285,1.336101632639597,1.1885729785207377,2.9327768957850564,0.0006962990274234694,0.0,0.33412832021713257,0.18791137635707855,0.9824399352073669,17.103784183584093,15.700098225269643,11.554985046386719,10.077238082885742,False,,False,76,0.05,0.1658689430035851,-0.22283013249805395,0.381538427543218,6,5,mqbench-weight+fallback-act,0.8626373626373627,0.2,0.1413859787867904,-0.0325592400075361,0.07859768263876454,,,,,0.16141263870822478,,injection+amplification,True,True,True,False,False,False,True,False,False,False,,False,False,False,True,True,True,False,amplifier,False,activation-outlier+bias-correctable
trunk_output.block3.block3-3.f.b.1,BatchNorm2d,0.8574225839701076,0.8456659327489868,-0.011756651221120795,0.9862883816674338,0.692942258410025,0.5804382981626895,1.456023288071448,1.2477394710036254,12.412775915722817,-0.039872288433602576,0.0,0.23086923360824585,N/A,N/A,N/A,N/A,N/A,N/A,False,,False,77,0.05,0.08661698015184618,-0.09247225395834786,0.2818839347970553,2,1,fallback-act,0.8626373626373627,,,,,,,,,,,none,False,True,False,False,False,False,False,False,False,False,,False,False,False,False,False,False,False,propagator,False,stable
trunk_output.block3.block3-3.f.b.2,ReLU,0.8456659327489868,0.845808585075296,0.00014265232630916724,1.0001686863816843,0.6928702522959959,0.5806341387517328,1.4545582203417076,1.2480628478057385,12.412775915722817,-0.032395049287618716,0.0,0.23085469007492065,N/A,N/A,N/A,N/A,N/A,N/A,False,,True,78,0.0,0.07072836242007383,-0.11633780345499664,0.5,1,1,mqbench-act,0.8626373626373627,,,,,0.05,0.05000000000000001,-0.03224268134757362,0.1586552539314571,,0.2507776594400451,injection+amplification,True,True,False,False,False,False,False,False,False,False,,False,False,False,False,False,False,True,amplifier,False,stable
trunk_output.block3.block3-3.f.c.0,Conv2d,0.845808585075296,0.7977844526037513,-0.04802413247154469,0.9432210392292608,0.7219085637214566,0.5665266703045557,1.9622886313732208,1.239916645316436,0.9012264792801816,0.00013786540820755387,0.0,0.303555428981781,0.20579637587070465,0.9791077971458435,3288.1108964932255,2752.479682142153,16.667510986328125,16.21295166015625,False,,False,79,0.5499999999999999,0.3199999218359085,0.023646967944018327,0.042829913463548995,26,15,mqbench-weight+fallback-act,0.3955468478692466,0.15,0.18029143768146794,-0.14655302517865784,0.2027083483988827,,,,,0.28805923193525435,,none,False,True,False,False,False,False,False,False,False,False,,False,False,False,False,False,False,False,damper,False,stable
trunk_output.block3.block3-3.f.c.1,BatchNorm2d,0.7977844526037513,0.8303300399476501,0.032545587343898785,1.0407949631478512,0.6844208883728143,1.9314622770901981,1.614984994937279,1.158348144446317,6.668321973091784,0.0,0.0,0.47840118408203125,N/A,N/A,N/A,N/A,N/A,N/A,False,,False,80,0.05,0.13231592402986098,-0.1676403275439523,0.3527585827269021,4,3,fallback-act,0.8626373626373627,,,,,,,,,,,injection+amplification,True,True,True,False,False,False,True,False,False,False,,False,False,True,False,True,True,False,amplifier,False,inherits-from-upstream
trunk_output.block3.block3-3.activation,ReLU,0.4486201454610825,0.4487596941246192,0.0001395486635367149,1.0003110619639992,0.8977043174592585,3.7138354762070844,6.959723133315152,0.9772067386550503,1.1789543529100115,0.02361403138729451,0.0,0.7944738268852234,N/A,N/A,N/A,N/A,N/A,N/A,False,,True,81,0.0,0.10002500937890794,-0.16452649946275175,0.5,2,2,mqbench-act,0.8626373626373627,,,,,0.15,0.08655920660521364,0.007622775069372506,0.04155512962182949,,0.1454429536764032,injection+amplification+zero-inflation,True,True,False,False,False,False,False,False,False,False,,False,False,False,False,False,False,True,amplifier,False,stable
trunk_output.block3.block3-4.f.a.0,Conv2d,0.4487596941246192,0.5220290621440848,0.07326936801946565,1.1632708306444273,0.8588806239026936,5.2928312824967225,5.646106369936669,0.9265550945938128,0.272061900605602,5.190064306972789e-08,0.0,1.1393197774887085,0.21602246165275574,0.9771530032157898,3415.545562786259,2714.4906634853014,14.306940078735352,12.409587860107422,False,,False,82,0.75,0.39660736087388715,0.09763894399093531,0.02930956699261077,39,24,mqbench-weight+fallback-act,0.3282817715002731,0.65,0.24963956007607743,0.23937946417829414,0.004610445879521076,,,,,0.016597605166275873,,injection+amplification,True,True,True,True,False,False,True,False,False,False,0.65,False,False,False,True,True,True,False,amplifier,False,weight-limited+weight-outlier+bias-correctable
trunk_output.block3.block3-4.f.a.1,BatchNorm2d,0.5220290621440848,0.8394444050384132,0.3174153428943284,1.6080415170577587,0.6441010169588973,0.43694926930122635,1.5201612230272445,0.9773859134052745,19.792549489816494,0.009302083056529908,0.0,0.21660549938678741,N/A,N/A,N/A,N/A,N/A,N/A,False,,False,83,0.0,0.07072836242007383,-0.11633780345499664,0.5,1,1,fallback-act,0.8626373626373627,,,,,,,,,,,injection+amplification,True,True,True,True,False,False,True,False,False,False,,False,False,True,False,True,True,False,amplifier,False,inherits-from-upstream
trunk_output.block3.block3-4.f.a.2,ReLU,0.8394444050384132,0.839626765161091,0.00018236012267780488,1.0002172390709656,0.6439894952524118,0.4371391348287362,1.5182745133578694,0.9777572268961279,19.792549489816494,0.017185150630890322,0.0034722089767456055,0.21660764515399933,N/A,N/A,N/A,N/A,N/A,N/A,False,,True,84,0.05,0.08661698015184618,-0.09247225395834786,0.2818839347970553,2,1,mqbench-act,0.8626373626373627,,,,,0.05,0.08661698015184617,-0.09247225395834784,0.28188393479705526,,0.36348191592251866,injection+amplification+dead-channels+zero-inflation,True,True,False,False,False,False,False,False,False,False,,False,False,False,False,False,False,True,amplifier,False,stable
trunk_output.block3.block3-4.f.b.0,Conv2d,0.839626765161091,0.8247858327043305,-0.014840932456760547,0.9823243695025454,0.6385116962248456,0.4299452234557967,1.6731761502031015,0.8872319967190138,7.273175855229217,0.003020876929873512,0.0,0.24724896252155304,0.1940251588821411,0.981305718421936,21.57975374084627,17.43618205752177,11.534686088562012,10.51898193359375,False,,False,85,0.1,0.24500002552296418,-0.30298918058465085,0.3415769233303363,13,11,mqbench-weight+fallback-act,0.8626373626373627,-0.1,0.12248469802642821,-0.3014693997948263,0.7928724530972171,,,,,0.8395120091617594,,none,False,True,False,False,False,False,False,False,False,False,,False,False,False,False,False,False,False,propagator,False,stable
trunk_output.block3.block3-4.f.b.1,BatchNorm2d,0.8247858327043305,0.913285681600721,0.08849984889639051,1.1073003989486758,0.6014061557973386,0.5035761056843798,0.7878670224615559,1.0733893220643587,25.31219482612473,-0.01812505397666886,0.0,0.189400777220726,N/A,N/A,N/A,N/A,N/A,N/A,False,,False,86,0.05,0.1118257685028394,-0.1339370209085311,0.3273927169594075,3,2,fallback-act,0.8626373626373627,,,,,,,,,,,injection+amplification,True,True,True,False,False,False,True,False,False,False,,False,False,True,False,True,True,False,amplifier,False,inherits-from-upstream
trunk_output.block3.block3-4.f.b.2,ReLU,0.913285681600721,0.9134847836310422,0.00019910203032125207,1.0002180062978456,0.6012748902678522,0.5037956951426811,0.785973650194106,1.073744105419581,25.31219482612473,-0.008522396995907844,0.0,0.18939882516860962,N/A,N/A,N/A,N/A,N/A,N/A,False,,True,87,0.0,0.07072836242007383,-0.11633780345499664,0.5,1,1,mqbench-act,0.8626373626373627,,,,,0.1,0.0706929893933952,-0.01627962000376805,0.07859768263876454,,0.20269928680523486,injection+amplification,True,True,False,False,False,False,False,False,False,False,,False,False,False,False,False,False,True,amplifier,False,stable
trunk_output.block3.block3-4.f.c.0,Conv2d,0.9134847836310422,0.8691055965528143,-0.044379187078227966,0.9514177051731244,0.6297991527138086,0.45851041400243364,1.2185490690915388,1.0395764536243361,1.6489370421315934,1.1418141475340137e-05,0.0,0.25661569833755493,0.20338144898414612,0.9796818494796753,1365.0525291657054,661.6729138273727,12.936400413513184,10.721924781799316,False,,False,88,0.2,0.24496939605285642,-0.20293879958965255,0.20712754690278293,14,10,mqbench-weight+fallback-act,0.8626373626373627,0.15,0.11178102477052791,-0.0338634240181552,0.08981269819543625,,,,,0.16723743801908816,,none,False,True,False,False,False,False,False,False,False,False,,False,False,False,False,False,False,False,propagator,False,stable
trunk_output.block3.block3-4.f.c.1,BatchNorm2d,0.8691055965528143,0.8307084040563167,-0.038397192496497534,0.955819876607866,0.6401940468587823,1.9984343565510514,1.611027917411965,0.9196749675350739,8.449944408937364,0.0,0.0,0.44240081310272217,N/A,N/A,N/A,N/A,N/A,N/A,False,,False,89,-0.05,0.08661698015184618,-0.19247225395834788,0.7181160652029447,1,2,fallback-act,0.9719329503177786,,,,,,,,,,,none,False,True,False,False,False,False,False,False,False,False,,False,False,False,False,False,False,False,propagator,False,stable
trunk_output.block3.block3-4.activation,ReLU,0.4655257832330108,0.4656636791592533,0.0001378959262424706,1.0002962154432882,0.8898198913000052,4.373260186643017,6.638552697040731,0.9640699822531824,0.8868473854478336,0.01350930488569127,0.0,0.8491122126579285,N/A,N/A,N/A,N/A,N/A,N/A,False,,True,90,0.0,0.07072836242007383,-0.11633780345499664,0.5,1,1,mqbench-act,0.8626373626373627,,,,,0.2,0.09992493430694925,0.03563810938232695,0.02266913545373544,,0.1454429536764032,injection+amplification+zero-inflation,True,True,False,False,False,False,False,False,False,False,,False,False,False,False,False,False,True,amplifier,False,stable
trunk_output.block3.block3-5.f.a.0,Conv2d,0.4656636791592533,0.5383375872576881,0.07267390809843483,1.1560652276545298,0.8514347942855904,5.66786844335716,5.378905925190464,0.9579669738380391,0.7198771698838939,6.920085742630386e-08,0.0,1.0898785591125488,0.19329984486103058,0.9816294312477112,70608.7623914337,1864.6166980422583,11.779913902282715,10.519168853759766,False,,False,91,0.7000000000000001,0.41814162817232775,0.012218226321352832,0.04705803502685854,42,28,mqbench-weight+fallback-act,0.41045063884537725,1.25,0.30292677715276023,0.751729791899562,1.842352727474319e-05,,,,,0.00014212435326230462,,injection+amplification,True,True,True,True,False,False,True,False,False,False,1.25,False,False,False,True,True,True,False,amplifier,False,weight-limited+weight-outlier+bias-correctable
trunk_output.block3.block3-5.f.a.1,BatchNorm2d,0.5383375872576881,0.86105279178823,0.3227152045305419,1.5994662311700458,0.6122033306075776,0.3547443683996222,1.2994044162355594,0.9131280156791849,13.296885804079032,0.015135663436924296,0.0,0.1662101149559021,N/A,N/A,N/A,N/A,N/A,N/A,False,,False,92,-0.1,0.1,-0.2644853626951472,0.8413447460685429,1,3,fallback-act,0.9857546651698601,,,,,,,,,,,injection+amplification,True,True,True,True,False,False,True,False,False,False,,False,False,True,False,True,True,False,amplifier,False,inherits-from-upstream
trunk_output.block3.block3-5.f.a.2,ReLU,0.86105279178823,0.8611336775534674,8.088576523734847e-05,1.000093938218433,0.6121516540438297,0.35481101963795775,1.2985885175588876,0.9132863481935434,13.296885804079032,0.01996899732386448,0.0,0.1662158966064453,N/A,N/A,N/A,N/A,N/A,N/A,False,,True,93,0.0,0.07072836242007383,-0.11633780345499664,0.5,1,1,mqbench-act,0.8626373626373627,,,,,0.15,0.08655920660521364,0.007622775069372506,0.04155512962182949,,0.1454429536764032,injection+amplification+zero-inflation,True,True,False,False,False,False,False,False,False,False,,False,False,False,False,False,False,True,amplifier,False,stable
trunk_output.block3.block3-5.f.b.0,Conv2d,0.8611336775534674,0.8775050887993084,0.016371411245841072,1.0190114632287444,0.6049560429767686,0.29974678152002177,1.1350071261646808,0.9523338174513512,3.5304666249831884,0.004125149612253756,0.0,0.18405696749687195,0.20439809560775757,0.979251503944397,23.882658416110804,16.762015867966785,11.921571731567383,11.786620140075684,False,,False,94,0.0,0.2550147373351765,-0.41946191563184204,0.5,13,13,mqbench-weight+fallback-act,0.8626373626373627,0.15,0.13227811137665477,-0.06757813126418138,0.12840263055093226,,,,,0.20393358969853956,,injection+amplification,True,True,True,False,False,False,True,False,False,False,,False,False,False,True,True,True,False,amplifier,False,weight-limited+weight-outlier+activation-outlier
trunk_output.block3.block3-5.f.b.1,BatchNorm2d,0.8775050887993084,0.7379773993741537,-0.1395276894251547,0.8409950082271652,0.7272655234432576,0.5424374733922703,2.6391387656364236,0.9994478747168611,11.405485005415015,-0.000604625191548025,0.0,0.17209067940711975,N/A,N/A,N/A,N/A,N/A,N/A,False,,False,95,0.05,0.1118257685028394,-0.1339370209085311,0.3273927169594075,3,2,fallback-act,0.8626373626373627,,,,,,,,,,,none,False,True,False,False,False,False,False,False,False,False,,False,False,False,False,False,False,False,damper,False,stable
trunk_output.block3.block3-5.f.b.2,ReLU,0.7379773993741537,0.7381025817304683,0.0001251823563145349,1.0001696289837883,0.7271948284282104,0.5426215152351224,2.6376655119535513,0.9996904967475453,11.405485005415015,0.007155541660023301,0.0,0.17210528254508972,N/A,N/A,N/A,N/A,N/A,N/A,False,,True,96,-0.1,0.07069298939339523,-0.2162796200037681,0.9214023173612353,0,2,mqbench-act,0.9908230399021505,,,,,0.2,0.09992493430694925,0.03563810938232695,0.02266913545373544,,0.1454429536764032,injection+amplification+zero-inflation,True,True,False,False,False,False,False,False,False,False,,False,False,False,False,False,False,True,amplifier,False,stable
trunk_output.block3.block3-5.f.c.0,Conv2d,0.7381025817304683,0.6818632738312718,-0.05623930789919651,0.923805566744741,0.7682894920521793,0.49533697807329313,3.3260540134260625,1.0065002968880357,1.062355469018354,1.728291414221939e-05,0.0,0.25608712434768677,0.18836750090122223,0.9825401306152344,16563.426300996143,1599.807083051879,12.782028198242188,11.380126953125,False,,False,97,0.7000000000000001,0.2911999290854131,0.22101874047584685,0.008111786653189483,24,10,mqbench-weight+fallback-act,0.14150561161674985,0.1,0.18711629072084174,-0.20777890945388264,0.2965230675484341,,,,,0.400306141190386,,none,False,True,False,False,False,False,False,False,False,False,,False,False,False,False,False,False,False,damper,False,stable
trunk_output.block3.block3-5.f.c.1,BatchNorm2d,0.6818632738312718,0.7814607122255458,0.09959743839427404,1.1460665828717438,0.6749630163005037,2.494380630873769,2.1418570232106764,0.8707672884540315,9.835824582694956,0.0,0.0,0.4599682092666626,N/A,N/A,N/A,N/A,N/A,N/A,False,,False,98,-0.1,0.1,-0.2644853626951472,0.8413447460685429,1,3,fallback-act,0.9857546651698601,,,,,,,,,,,injection+amplification,True,True,True,False,False,False,True,False,False,False,,False,False,True,False,True,True,False,amplifier,False,inherits-from-upstream
trunk_output.block3.block3-5.activation,ReLU,0.4791981876345505,0.4793220635158746,0.0001238758813240648,1.000258506573106,0.8825465302476267,4.891943518536972,6.387451593639813,0.94282620181128,0.9838058675707986,0.0040451015204258645,0.0,0.8704085946083069,N/A,N/A,N/A,N/A,N/A,N/A,False,,True,99,0.0,0.07072836242007383,-0.11633780345499664,0.5,1,1,mqbench-act,0.8626373626373627,,,,,0.1,0.0706929893933952,-0.01627962000376805,0.07859768263876454,,0.20269928680523486,injection+amplification+zero-inflation,True,True,False,False,False,False,False,False,False,False,,False,False,False,False,False,False,True,amplifier,False,stable
trunk_output.block3.block3-6.f.a.0,Conv2d,0.4793220635158746,0.5208317807766933,0.04150971726081876,1.0866008899242836,0.8599323839663366,6.765317367588311,5.6660504659539965,0.9335174143082647,0.3804557929960417,5.709070737670068e-07,0.0,1.1321641206741333,0.18299318850040436,0.9835569858551025,2215.0559308839206,1449.3985215865844,13.36425495147705,11.496678352355957,False,,False,100,0.0,0.3742593152047238,-0.6156017920348642,0.5,28,28,mqbench-weight+fallback-act,0.8626373626373627,0.0,0.2000500187578159,-0.3290529989255035,0.5,,,,,0.5510204081632653,,injection+amplification,True,True,True,False,False,False,True,False,False,False,,False,False,False,True,True,True,False,amplifier,False,weight-outlier+bias-correctable
trunk_output.block3.block3-6.f.a.1,BatchNorm2d,0.5208317807766933,0.8588641000513447,0.3380323192746514,1.6490239876886137,0.6104864168051765,0.4242179680303111,1.321511002002044,0.8829948965634188,12.12261555201545,0.0035034837095646587,0.0,0.19103112816810608,N/A,N/A,N/A,N/A,N/A,N/A,False,,False,101,-0.05,0.1118257685028394,-0.23393702090853108,0.6726072830405925,2,3,fallback-act,0.9719329503177786,,,,,,,,,,,injection+amplification,True,True,True,True,False,False,True,False,False,False,,False,False,True,False,True,True,False,amplifier,False,inherits-from-upstream
trunk_output.block3.block3-6.f.a.2,ReLU,0.8588641000513447,0.8589383622790635,7.426222771877988e-05,1.0000864656325887,0.6104374624102378,0.42429133175181694,1.320760003527202,0.8831419944918505,12.12261555201545,0.008651318193293012,0.0,0.19103369116783142,N/A,N/A,N/A,N/A,N/A,N/A,False,,True,102,0.0,0.0,0.0,1.0,0,0,mqbench-act,1.0,,,,,0.1,0.1,-0.06448536269514724,0.15865525393145707,,0.2507776594400451,injection+amplification+zero-inflation,True,True,False,False,False,False,False,False,False,False,,False,False,False,False,False,False,True,amplifier,False,stable
trunk_output.block3.block3-6.f.b.0,Conv2d,0.8589383622790635,0.8832888037585424,0.024350441479478846,1.028349463184842,0.5981101512354466,0.4328297855091744,1.0779454896814522,0.9409368835538502,4.6187151309742935,0.0001649575438899518,0.0,0.25433483719825745,0.20476466417312622,0.9792183041572571,36.24800904663203,22.72777807764147,11.648812294006348,10.323290824890137,False,,False,103,0.2,0.22361798340305863,-0.1678188510520951,0.1855586494272237,12,8,mqbench-weight+fallback-act,0.8626373626373627,0.44999999999999996,0.14969954902232924,0.203766153837622,0.0013234532374729157,,,,,0.006496952256685223,,injection+amplification,True,True,True,False,False,False,True,False,False,False,0.44999999999999996,False,False,False,True,True,True,False,amplifier,False,weight-limited+weight-outlier+activation-outlier
trunk_output.block3.block3-6.f.b.1,BatchNorm2d,0.8832888037585424,0.9005191274534139,0.01723032369487154,1.0195070101891404,0.5906465783874948,0.5529866359131136,0.9101411625136515,0.9794951735113944,26.56845050676608,0.008047817515678068,0.0034722089767456055,0.20099353790283203,N/A,N/A,N/A,N/A,N/A,N/A,False,,False,104,0.05,0.11182576850283939,-0.13393702090853105,0.3273927169594075,3,2,fallback-act,0.8626373626373627,,,,,,,,,,,injection+amplification,True,True,True,False,False,False,True,False,False,False,,False,False,True,False,True,True,False,amplifier,False,inherits-from-upstream
trunk_output.block3.block3-6.f.b.2,ReLU,0.9005191274534139,0.9006796223149286,0.00016049486151470393,1.0001782248223516,0.590539112053028,0.5531837653681264,0.9085932593092304,0.979783101216623,26.56845050676608,0.01580447242373506,0.0034722089767456055,0.2010132521390915,N/A,N/A,N/A,N/A,N/A,N/A,False,,True,105,-0.05,0.08661698015184618,-0.19247225395834788,0.7181160652029447,1,2,mqbench-act,0.9719329503177786,,,,,0.2,0.09992493430694925,0.03563810938232695,0.02266913545373544,,0.1454429536764032,injection+amplification+dead-channels+zero-inflation,True,True,False,False,False,False,False,False,False,False,,False,False,False,False,False,False,True,amplifier,False,stable
trunk_output.block3.block3-6.f.c.0,Conv2d,0.9006796223149286,0.873558619452602,-0.02712100286232655,0.9698882908079789,0.6382487175939909,0.520528308928959,1.1741589343856234,1.1054425853839718,1.752985418732215,4.325053589143991e-07,0.0,0.2590479552745819,0.17528146505355835,0.9848607182502747,46613.832288404825,2888.138041219486,11.855605125427246,10.859797477722168,False,,False,106,0.5499999999999999,0.28703648717974206,0.07786699299499145,0.027674103315345363,22,11,mqbench-weight+fallback-act,0.3282817715002731,0.44999999999999996,0.16556707471026377,0.17766639665907724,0.003284569895703607,,,,,0.012669055311999628,,none,False,True,False,False,False,False,False,False,False,False,0.44999999999999996,False,False,False,False,False,False,False,propagator,False,stable
trunk_output.block3.block3-6.f.c.1,BatchNorm2d,0.873558619452602,0.7621981864326055,-0.11136043301999654,0.8725209384462621,0.7054384959497452,2.9191657172309027,2.3586417783788174,0.9688087022933823,6.60303029610262,0.0,0.0,0.5078613758087158,N/A,N/A,N/A,N/A,N/A,N/A,False,,False,107,0.0,0.14145672484014765,-0.23267560690999328,0.5,4,4,fallback-act,0.8626373626373627,,,,,,,,,,,none,False,True,False,False,False,False,False,False,False,False,,False,False,False,False,False,False,False,damper,False,stable
trunk_output.block3.block3-6.activation,ReLU,0.4754938637890727,0.4755975773372111,0.0001037135481383733,1.000218117532184,0.884001206510315,4.893892076280382,6.455207326304958,0.9412890692117962,1.050802973238266,0.008351488178279132,0.0,0.8297538161277771,N/A,N/A,N/A,N/A,N/A,N/A,False,,True,108,-0.05,0.08661698015184618,-0.19247225395834788,0.7181160652029447,1,2,mqbench-act,0.9719329503177786,,,,,0.1,0.0706929893933952,-0.01627962000376805,0.07859768263876454,,0.20269928680523486,injection+amplification+zero-inflation,True,True,False,False,False,False,False,False,False,False,,False,False,False,False,False,False,True,amplifier,False,stable
trunk_output.block4.block4-0.proj.0,Conv2d,0.4755975773372111,0.5251387938305391,0.04954121649332799,1.1041662507422783,0.8582736667296239,2.1527192140807214,5.594517953656633,0.9423007234057436,0.8990632821302613,2.9657510325558793e-08,0.0,0.6851332783699036,0.16736119985580444,0.9861689209938049,13.928661943194419,13.871378338486807,13.996896743774414,12.383482933044434,False,,False,109,0.05,0.409368466385279,-0.623351206693388,0.45139432762978304,34,33,mqbench-weight+fallback-act,0.8626373626373627,0.15,0.15,-0.09672804404272081,0.15865525393145707,,,,,0.23155091114320775,,injection+amplification,True,True,True,False,False,False,True,False,False,False,,False,False,False,True,True,True,False,amplifier,False,weight-outlier+bias-correctable
trunk_output.block4.block4-0.proj.1,BatchNorm2d,0.5251387938305391,0.7142041457373393,0.18906535190680018,1.3600292991643101,0.7426521926669576,1.1389467259769421,2.923552663776967,0.9955555496893385,1.9444960569279441,0.0,0.0,0.47662675380706787,N/A,N/A,N/A,N/A,N/A,N/A,False,,False,110,-0.25,0.132202453624629,-0.46745368533635484,0.9706904330073892,1,6,fallback-act,1.0,,,,,,,,,,,injection+amplification,True,True,True,True,False,False,True,False,False,False,,False,False,True,False,True,True,False,amplifier,False,inherits-from-upstream
trunk_output.block4.block4-0.f.a.0,Conv2d,0.4755975773372111,0.5327800971233523,0.057182519786141195,1.1202329921575638,0.8499612539273722,8.995493066785865,5.469040146385367,0.8727463177771801,0.07708815152062387,2.2243132744169096e-08,0.0,1.2646386623382568,0.18066710233688354,0.9839252233505249,17.31315803526973,15.437151266328174,14.113871574401855,12.231369018554688,False,,False,111,1.8499999999999999,0.6049559784545765,0.854935964693013,0.0011138237081421997,92,55,mqbench-weight+fallback-act,0.04371758054458134,1.9,0.37850579033438614,1.2774133779463512,2.587096522237404e-07,,,,,4.656773740027327e-06,,injection+amplification,True,True,True,False,False,False,True,False,False,False,1.9,False,False,False,True,True,True,False,amplifier,False,weight-outlier+bias-correctable
trunk_output.block4.block4-0.f.a.1,BatchNorm2d,0.5327800971233523,0.9622241584116809,0.42944406128832857,1.8060437385086876,0.4070836941893744,0.23898656305696805,0.3344748706567327,0.5075795915679231,59.32639689526473,0.022204348135040908,0.0,0.09176884591579437,N/A,N/A,N/A,N/A,N/A,N/A,False,,False,112,-0.15,0.13227811137665477,-0.3675781312641814,0.8715973694490677,2,5,fallback-act,0.9908230399021505,,,,,,,,,,,injection+amplification,True,True,True,True,False,False,True,False,False,False,,False,False,True,False,True,True,False,amplifier,False,inherits-from-upstream
trunk_output.block4.block4-0.f.a.2,ReLU,0.9622241584116809,0.9622837454443461,5.9587032665286976e-05,1.0000619263527573,0.40702955963040544,0.23901616310586735,0.33393700184495145,0.5076810074816355,59.32639689526473,0.024735134706784456,0.0,0.09177178144454956,N/A,N/A,N/A,N/A,N/A,N/A,False,,True,113,-0.05,0.05000000000000001,-0.1322426813475736,0.8413447460685428,0,1,mqbench-act,0.9857546651698601,,,,,0.15,0.08655920660521364,0.007622775069372506,0.04155512962182949,,0.1454429536764032,injection+amplification+zero-inflation,True,True,False,False,False,False,False,False,False,False,,False,False,False,False,False,False,True,amplifier,False,stable
trunk_output.block4.block4-0.f.b.0,Conv2d,0.9622837454443461,1.0202198582642112,0.057936112819865104,1.0602068912565,0.4069924021092488,0.21104167385861292,-0.17387545370598073,0.7479621382680054,15.634921084798005,0.12081538460808432,0.0,0.1368783712387085,0.1902739256620407,0.981875479221344,37.67675962102779,24.408912395084215,8.098794937133789,7.47730016708374,False,,False,114,0.15,0.29585894655752615,-0.33664466131118864,0.3060779854664437,19,16,mqbench-weight+fallback-act,0.8626373626373627,0.1,0.0706929893933952,-0.01627962000376805,0.07859768263876454,,,,,0.16141263870822478,,injection+amplification,True,True,True,False,True,False,True,False,False,False,,False,False,False,True,True,True,False,amplifier,False,weight-limited+activation-outlier
trunk_output.block4.block4-0.f.b.1,BatchNorm2d,1.0202198582642112,0.721688594649171,-0.29853126361504023,0.7073853628736874,0.7196481699719687,1.4787334223414532,2.8330031621633918,0.8361219519487285,8.3355811004304,-0.03537091105973639,0.0014880895614624023,0.3510743975639343,N/A,N/A,N/A,N/A,N/A,N/A,False,,False,115,-0.05,0.11182576850283939,-0.23393702090853108,0.6726072830405925,2,3,fallback-act,0.9719329503177786,,,,,,,,,,,none,False,True,False,False,False,False,False,False,False,False,,False,False,False,False,False,False,False,damper,False,stable
trunk_output.block4.block4-0.f.b.2,ReLU,0.721688594649171,0.7218404438155641,0.0001518491663931032,1.0002104081559817,0.7195410968751492,1.4793557629525025,2.8311757723837045,0.8367692256661569,8.3355811004304,-0.0004612336005830886,0.0014880895614624023,0.351369172334671,N/A,N/A,N/A,N/A,N/A,N/A,False,,True,116,-0.05,0.1118257685028394,-0.23393702090853108,0.6726072830405925,2,3,mqbench-act,0.9719329503177786,,,,,0.05,0.05000000000000001,-0.03224268134757362,0.1586552539314571,,0.2507776594400451,injection+amplification+dead-channels,True,True,False,False,False,False,False,False,False,False,,False,False,False,False,False,False,True,amplifier,False,stable
trunk_output.block4.block4-0.f.c.0,Conv2d,0.7218404438155641,0.7105299510527888,-0.011310492762775293,0.9843310348433937,0.7283699486105796,3.2197969101144923,2.968352209683232,0.8287689967746279,0.9712014438314145,2.9657510325558793e-08,0.0,0.681395411491394,0.19717031717300415,0.9809666275978088,5006.139593379346,1983.676636386268,23.41651153564453,23.483713150024414,False,,False,117,1.05,0.4324838391611504,0.33862738855788466,0.0075945969519687125,48,27,mqbench-weight+fallback-act,0.14150561161674985,0.05,0.2291833600117014,-0.32697308095217203,0.4136499163010696,,,,,0.4855890321795165,,none,False,True,False,False,False,False,False,False,False,False,,False,False,False,False,False,False,False,propagator,False,stable
trunk_output.block4.block4-0.f.c.1,BatchNorm2d,0.7105299510527888,1.0005818968570772,0.2900519458042884,1.408219168487577,0.43254907882908267,9.052286902484209,-0.0050528219132491906,0.7542779420671322,2.9592339571552806,0.0,0.0,1.0938173532485962,N/A,N/A,N/A,N/A,N/A,N/A,False,,False,118,0.05,0.11182576850283943,-0.13393702090853116,0.3273927169594076,3,2,fallback-act,0.8626373626373627,,,,,,,,,,,injection+amplification,True,True,True,True,False,False,True,False,False,False,,False,False,True,False,True,True,False,amplifier,False,inherits-from-upstream
trunk_output.block4.block4-0.activation,ReLU,0.8277790443507099,0.8279017168953229,0.00012267254461295618,1.0001481947935866,0.6341261035630236,3.148318632698615,1.6404243354013692,0.8424545158313258,10.51938536768338,-0.0027752905012451423,0.0,0.5663659572601318,N/A,N/A,N/A,N/A,N/A,N/A,False,,True,119,-0.2,0.12242341992802451,-0.4013686062924143,0.948836375675189,1,5,mqbench-act,1.0,,,,,0.15,0.08655920660521364,0.007622775069372506,0.04155512962182949,,0.1454429536764032,injection+amplification,True,True,False,False,False,False,False,False,False,False,,False,False,False,False,False,False,True,amplifier,False,stable
trunk_output.block4.block4-1.f.a.0,Conv2d,0.8279017168953229,0.7735576329461532,-0.054344083949169675,0.9343592568536239,0.6812998610305842,5.327310397163888,2.230146483815484,0.8235306314541906,1.804826690499529,8.897253097667638e-08,0.0,0.9453610181808472,0.19961032271385193,0.9805241823196411,3928.561748663525,12810.708921948195,21.72812271118164,20.833980560302734,False,,False,120,0.3,0.32404861325405465,-0.23301253681952666,0.17727833700713794,24,18,mqbench-weight+fallback-act,0.8626373626373627,0.05,0.1658689430035851,-0.22283013249805395,0.381538427543218,,,,,0.47914128110078535,,conditioning-broken,True,True,False,False,False,True,True,False,False,False,,False,False,False,True,True,True,False,damper,False,weight-limited+weight-outlier+ill-conditioned+bias-correctable
trunk_output.block4.block4-1.f.a.1,BatchNorm2d,0.7735576329461532,0.8074381177306011,0.03388048478444794,1.0437982683402807,0.6295190586475716,0.3736866616414981,1.857815043292229,0.7323511399811031,8.905333011147395,0.03211490197362421,0.0,0.20759913325309753,N/A,N/A,N/A,N/A,N/A,N/A,False,,False,121,-0.1,0.09999999999999998,-0.2644853626951472,0.841344746068543,1,3,fallback-act,0.9857546651698601,,,,,,,,,,,injection+amplification,True,True,True,False,False,False,True,False,False,False,,False,False,True,False,True,True,False,amplifier,False,inherits-from-upstream
trunk_output.block4.block4-1.f.a.2,ReLU,0.8074381177306011,0.8075455281091646,0.00010741037856343283,1.0001330261430625,0.6294376601679363,0.37378608844486455,1.8566596697403503,0.7325848374608172,8.905333011147395,0.039878289136525136,0.0,0.20761343836784363,N/A,N/A,N/A,N/A,N/A,N/A,False,,True,122,-0.05,0.05000000000000001,-0.1322426813475736,0.8413447460685428,0,1,mqbench-act,0.9857546651698601,,,,,0.05,0.08661698015184618,-0.09247225395834786,0.2818839347970553,,0.36348191592251866,injection+amplification+zero-inflation,True,True,False,False,False,False,False,False,False,False,,False,False,False,False,False,False,True,amplifier,False,stable
trunk_output.block4.block4-1.f.b.0,Conv2d,0.8075455281091646,0.8352530906076251,0.027707562498460514,1.034310836397468,0.5984791384729181,0.2554018995620535,1.563638174165277,0.7024598789716132,3.87424559014799,7.865171738338194e-05,0.0,0.17419269680976868,0.19649165868759155,0.9808605909347534,17.858434006260225,12.280380935150466,10.341444969177246,9.17126178741455,False,,False,123,0.7000000000000001,0.29966631433975854,0.20709277598306824,0.009747404496764773,25,11,mqbench-weight+fallback-act,0.15303425059920694,0.15,0.15000000000000005,-0.09672804404272092,0.15865525393145716,,,,,0.23155091114320775,,injection+amplification,True,True,True,False,False,False,True,False,False,False,,False,False,False,True,True,True,False,amplifier,False,weight-limited+activation-outlier
trunk_output.block4.block4-1.f.b.1,BatchNorm2d,0.8352530906076251,0.949672696409121,0.1144196058014959,1.1369879466333475,0.5054332380197468,0.40280292981799304,0.44852096024123034,0.8188533914064846,33.07229374374527,0.0021991933631712035,0.0,0.15378648042678833,N/A,N/A,N/A,N/A,N/A,N/A,False,,False,124,-0.05,0.08661698015184618,-0.19247225395834788,0.7181160652029447,1,2,fallback-act,0.9719329503177786,,,,,,,,,,,injection+amplification,True,True,True,False,False,False,True,False,False,False,,False,False,True,False,True,True,False,amplifier,False,inherits-from-upstream
trunk_output.block4.block4-1.f.b.2,ReLU,0.949672696409121,0.9498218815075168,0.00014918509839578764,1.0001570910682807,0.505330757278398,0.40292949324330735,0.44715659172126915,0.8191708748126009,33.07229374374527,0.01106990298909738,0.0,0.1538110226392746,N/A,N/A,N/A,N/A,N/A,N/A,False,,True,125,-0.05,0.05000000000000001,-0.1322426813475736,0.8413447460685428,0,1,mqbench-act,0.9857546651698601,,,,,0.05,0.05000000000000001,-0.03224268134757362,0.1586552539314571,,0.2507776594400451,injection+amplification+zero-inflation,True,True,False,False,False,False,False,False,False,False,,False,False,False,False,False,False,True,amplifier,False,stable
trunk_output.block4.block4-1.f.c.0,Conv2d,0.9498218815075168,0.9505557982203285,0.0007339167128117552,1.0007726887820767,0.4920902118978403,0.5295237030533475,0.44044769384697846,0.7613537946007503,3.8784268929494665,7.117802478134111e-07,0.0,0.25219160318374634,0.19458305835723877,0.9814256429672241,10978.85317768841,26766.573789884802,18.089780807495117,15.141162872314453,False,,False,126,0.1,0.33173788600717014,-0.4456602649961079,0.381538427543218,23,21,mqbench-weight+fallback-act,0.8626373626373627,0.35000000000000003,0.16568788802480122,0.07746767644047636,0.017325843370151344,,,,,0.049241870630956454,,injection+amplification+conditioning-broken,True,True,False,False,False,True,True,False,False,False,0.35000000000000003,False,False,False,True,True,True,False,amplifier,False,weight-limited+weight-outlier+ill-conditioned
trunk_output.block4.block4-1.f.c.1,BatchNorm2d,0.9505557982203285,0.8155369908221853,-0.1350188073981432,0.85795804133652,0.6225225534445794,4.259024513474475,1.7711267122014513,0.7543804697949783,2.793842383867025,0.0,0.0,0.6835459470748901,N/A,N/A,N/A,N/A,N/A,N/A,False,,False,127,-0.15,0.08655920660521364,-0.29237722493062746,0.9584448703781705,0,3,fallback-act,1.0,,,,,,,,,,,none,False,True,False,False,False,False,False,False,False,False,,False,False,False,False,False,False,False,damper,False,stable
trunk_output.block4.block4-1.activation,ReLU,0.7939338739318829,0.7940618248882647,0.0001279509563818504,1.0001611607220489,0.6703292591747577,3.132714956448539,2.00291365013503,0.8789549096669008,11.11520523106748,-0.011231002585185834,0.0,0.5294575691223145,N/A,N/A,N/A,N/A,N/A,N/A,False,,True,128,-0.05,0.05000000000000001,-0.1322426813475736,0.8413447460685428,0,1,mqbench-act,0.9857546651698601,,,,,0.1,0.0706929893933952,-0.01627962000376805,0.07859768263876454,,0.20269928680523486,injection+amplification,True,True,False,False,False,False,False,False,False,False,,False,False,False,False,False,False,True,amplifier,False,stable
trunk_output.block4.block4-2.f.a.0,Conv2d,0.7940618248882647,0.6972864737139709,-0.09677535117429381,0.8781261758957982,0.7440067712681437,5.545606844858479,3.1317751871782655,0.8832534078774875,0.830862855124614,1.7794506195335277e-07,0.0,0.917555034160614,0.2019508332014084,0.9800308346748352,10633.877858069352,7739.747816533657,19.496957778930664,18.309988021850586,False,,False,129,0.7000000000000001,0.3603053010364647,0.10735051878032909,0.026020354986181066,33,19,mqbench-weight+fallback-act,0.3282817715002731,0.15,0.2179736366011417,-0.2085347267431901,0.24567708060926388,,,,,0.34016826545898077,,none,False,True,False,False,False,False,False,False,False,False,,False,False,False,False,False,False,False,damper,False,stable
trunk_output.block4.block4-2.f.a.1,BatchNorm2d,0.6972864737139709,0.891864712738285,0.19457823902431415,1.2790506432570363,0.5415735384255117,0.32827635895754087,0.9940203781110626,0.6979829178733288,13.378266507284838,0.002659211005830886,0.0,0.1587357074022293,N/A,N/A,N/A,N/A,N/A,N/A,False,,False,130,0.0,0.07072836242007383,-0.11633780345499664,0.5,1,1,fallback-act,0.8626373626373627,,,,,,,,,,,injection+amplification,True,True,True,True,False,False,True,False,False,False,,False,False,True,False,True,True,False,amplifier,False,inherits-from-upstream
trunk_output.block4.block4-2.f.a.2,ReLU,0.891864712738285,0.891925543913178,6.0831174892972406e-05,1.000068206729142,0.5415272751754724,0.3283211417981325,0.9934279621923103,0.6981065518465841,13.378266507284838,0.007948301739780672,0.0,0.15873916447162628,N/A,N/A,N/A,N/A,N/A,N/A,False,,True,131,0.0,0.07072836242007383,-0.11633780345499664,0.5,1,1,mqbench-act,0.8626373626373627,,,,,0.0,0.0,0.0,1.0,,1.0,injection+amplification+zero-inflation,True,True,False,False,False,False,False,False,False,False,,False,False,False,False,False,False,True,amplifier,False,stable
trunk_output.block4.block4-2.f.b.0,Conv2d,0.891925543913178,0.8596388229065491,-0.03228672100662888,0.963801102875722,0.5714063551739696,0.21717776640511116,1.3136795836362605,0.6841174012454527,12.320675905551244,0.0003729728498542274,0.0,0.15719187259674072,0.18619748950004578,0.9828148484230042,15.934926008813033,12.034766583975161,10.257637023925781,8.835860252380371,False,,False,132,-0.1,0.23456877723948644,-0.4858313040119412,0.6650605430053627,10,12,mqbench-weight+fallback-act,0.9719329503177786,0.05,0.11182576850283939,-0.13393702090853105,0.3273927169594075,,,,,0.4306364447073908,,none,False,True,False,False,False,False,False,False,False,False,,False,False,False,False,False,False,False,propagator,False,stable
trunk_output.block4.block4-2.f.b.1,BatchNorm2d,0.8596388229065491,0.9129349917494489,0.05329616884289978,1.0619983269981905,0.5404614184488037,0.44976151765725125,0.7912029318915931,0.797484043158846,31.923251471767763,0.0069319685184342505,0.0,0.15024587512016296,N/A,N/A,N/A,N/A,N/A,N/A,False,,False,133,-0.15,0.08655920660521364,-0.29237722493062746,0.9584448703781705,0,3,fallback-act,1.0,,,,,,,,,,,injection+amplification,True,True,True,False,False,False,True,False,False,False,,False,False,True,False,True,True,False,amplifier,False,inherits-from-upstream
trunk_output.block4.block4-2.f.b.2,ReLU,0.9129349917494489,0.9130759829352736,0.00014099118582466819,1.0001544372678217,0.5403622007072834,0.4499004482643713,0.7898616103996364,0.7977627944710887,31.923251471767763,0.014277244100765363,0.0,0.15026132762432098,N/A,N/A,N/A,N/A,N/A,N/A,False,,True,134,-0.05,0.05000000000000001,-0.1322426813475736,0.8413447460685428,0,1,mqbench-act,0.9857546651698601,,,,,0.0,0.0,0.0,1.0,,1.0,injection+amplification+zero-inflation,True,True,False,False,False,False,False,False,False,False,,False,False,False,False,False,False,True,amplifier,False,stable
trunk_output.block4.block4-2.f.c.0,Conv2d,0.9130759829352736,0.7790692015510972,-0.13400678138417643,0.8532358928625156,0.6512323608993767,0.5931085377091685,2.1684792800028743,0.7137981943688173,2.726367717908918,2.0760257227891156e-07,0.0,0.2358536422252655,0.20392762124538422,0.9796792268753052,877872.3290785532,7006.848445662343,15.679017066955566,12.911947250366211,False,,False,135,0.25,0.3428228606100801,-0.31389342567636924,0.2329275609964335,26,21,mqbench-weight+fallback-act,0.8626373626373627,0.05,0.18031918229559457,-0.24659866100783245,0.3907802219228709,,,,,0.4795939087235233,,none,False,True,False,False,False,False,False,False,False,False,,False,False,False,False,False,False,False,damper,False,stable
trunk_output.block4.block4-2.f.c.1,BatchNorm2d,0.7790692015510972,0.7036797505242172,-0.07538945102688,0.9032313806311654,0.7182572891858889,5.554574771803253,3.0524989257964608,0.636444165652431,3.009085378985522,0.0,0.0,0.6845787763595581,N/A,N/A,N/A,N/A,N/A,N/A,False,,False,136,-0.1,0.1,-0.2644853626951472,0.8413447460685429,1,3,fallback-act,0.9857546651698601,,,,,,,,,,,none,False,True,False,False,False,False,False,False,False,False,,False,False,False,False,False,False,False,damper,False,stable
trunk_output.block4.block4-2.activation,ReLU,0.8544840576532862,0.8546322809290089,0.0001482232757227253,1.0001734652324934,0.5982195208840496,2.6521069347800506,1.3644141432112935,0.7847381530625576,22.76815255344166,-0.007881038506362459,0.0,0.4107077419757843,N/A,N/A,N/A,N/A,N/A,N/A,False,,True,137,-0.05,0.05000000000000001,-0.1322426813475736,0.8413447460685428,0,1,mqbench-act,0.9857546651698601,,,,,0.05,0.05000000000000001,-0.03224268134757362,0.1586552539314571,,0.2507776594400451,injection+amplification,True,True,False,False,False,False,False,False,False,False,,False,False,False,False,False,False,True,amplifier,False,stable
trunk_output.block4.block4-3.f.a.0,Conv2d,0.8546322809290089,0.6295137026056445,-0.22511857832336435,0.7365901296418921,0.7810200896567134,4.4636642114993315,4.019896243568713,0.7348273278687959,1.9820783554673511,6.524652271622935e-07,0.0,0.7492913007736206,0.22019727528095245,0.97634357213974,13762.22855197613,4945.528516622797,18.98418426513672,18.290571212768555,False,,False,138,1.0,0.3802266247161967,0.37458285727204754,0.004269112058805608,39,19,mqbench-weight+fallback-act,0.11170843220541342,0.25,0.14993328514708634,0.0033816921250657273,0.047716625011338734,,,,,0.11203033698314312,,none,False,True,False,False,False,False,False,False,False,False,,False,False,False,False,False,False,False,damper,False,stable
trunk_output.block4.block4-3.f.a.1,BatchNorm2d,0.6295137026056445,0.8487751998010435,0.219261497195399,1.348302977818982,0.572801144332151,0.25006256529842336,1.4241463697617247,0.6127760492640484,25.92012479551103,-0.025239045464726106,0.0029761791229248047,0.11601493507623672,N/A,N/A,N/A,N/A,N/A,N/A,False,,False,139,-0.05,0.1118257685028394,-0.23393702090853108,0.6726072830405925,2,3,fallback-act,0.9719329503177786,,,,,,,,,,,injection+amplification,True,True,True,True,False,False,True,False,False,False,,False,False,True,False,True,True,False,amplifier,False,inherits-from-upstream
trunk_output.block4.block4-3.f.a.2,ReLU,0.8487751998010435,0.8488654097617,9.020996065645104e-05,1.0001062825123515,0.5727246774462305,0.25011572267849314,1.4232232606432929,0.6129398401705667,25.92012479551103,-0.01820173346961551,0.0029761791229248047,0.11601810157299042,N/A,N/A,N/A,N/A,N/A,N/A,False,,True,140,-0.1,0.0706929893933952,-0.21627962000376805,0.9214023173612355,0,2,mqbench-act,0.9908230399021505,,,,,0.1,0.0706929893933952,-0.01627962000376805,0.07859768263876454,,0.20269928680523486,injection+amplification+dead-channels,True,True,False,False,False,False,False,False,False,False,,False,False,False,False,False,False,True,amplifier,False,stable
trunk_output.block4.block4-3.f.b.0,Conv2d,0.8488654097617,0.697947751531745,-0.15091765822995495,0.8222125009519216,0.7187822574128292,0.18871975779185837,3.123541750137462,0.6023988866026938,58.48194200390358,0.0009699785327077258,0.0,0.11447496712207794,0.1650339663028717,0.986459493637085,16.88675679662299,13.458010263307981,10.590862274169922,9.747316360473633,False,,False,141,0.05,0.21799658542194605,-0.30857247419432443,0.40929402103212714,10,9,mqbench-weight+fallback-act,0.8626373626373627,0.1,0.0706929893933952,-0.01627962000376805,0.07859768263876454,,,,,0.16141263870822478,,none,False,True,False,False,False,False,False,False,False,False,,False,False,False,False,False,False,False,damper,False,stable
trunk_output.block4.block4-3.f.b.1,BatchNorm2d,0.697947751531745,0.9411948025121546,0.24324705098040955,1.348517565170988,0.44737671080625885,0.399058035210108,0.5264095952098192,0.5475553632807936,83.37731516721335,0.018086069179345854,0.0,0.12430042028427124,N/A,N/A,N/A,N/A,N/A,N/A,False,,False,142,0.05,0.11182576850283943,-0.13393702090853116,0.3273927169594076,3,2,fallback-act,0.8626373626373627,,,,,,,,,,,injection+amplification,True,True,True,True,False,False,True,False,False,False,,False,False,True,False,True,True,False,amplifier,False,inherits-from-upstream
trunk_output.block4.block4-3.f.b.2,ReLU,0.9411948025121546,0.9414533751896658,0.00025857267751117075,1.0002747281187923,0.4471514314562482,0.3992773302558328,0.5240236648155965,0.5480547378328958,83.37731516721335,0.02961231227982264,0.0,0.12434352934360504,N/A,N/A,N/A,N/A,N/A,N/A,False,,True,143,-0.05,0.05000000000000001,-0.1322426813475736,0.8413447460685428,0,1,mqbench-act,0.9857546651698601,,,,,0.0,0.0,0.0,1.0,,1.0,injection+amplification+zero-inflation,True,True,False,False,False,False,False,False,False,False,,False,False,False,False,False,False,True,amplifier,False,stable
trunk_output.block4.block4-3.f.c.0,Conv2d,0.9414533751896658,0.6295034462083435,-0.31194992898132223,0.6686506871161022,0.7836313627992677,0.6406165216592357,4.020037760203536,0.47792624983562226,12.67291706917006,4.448626548833819e-07,0.0,0.32494598627090454,0.1929301917552948,0.9817866086959839,5312.866178867349,4346.817782606921,15.216473579406738,13.25230884552002,False,,False,144,0.25,0.31227793510649643,-0.2636514941768371,0.2116906333494224,22,17,mqbench-weight+fallback-act,0.8626373626373627,0.15,0.1117810247705279,-0.033863424018155175,0.08981269819543619,,,,,0.16723743801908816,,none,False,True,False,False,False,False,False,False,False,False,,False,False,False,False,False,False,False,damper,False,stable
trunk_output.block4.block4-3.f.c.1,BatchNorm2d,0.6295034462083435,0.822341933936961,0.19283848772861745,1.3063342844112003,0.570958947771511,9.033056794844054,1.6989512612625604,0.44736520355063913,9.52678481187645,0.0,0.0,1.1913522481918335,N/A,N/A,N/A,N/A,N/A,N/A,False,,False,145,0.0,0.10002500937890794,-0.16452649946275175,0.5,2,2,fallback-act,0.8626373626373627,,,,,,,,,,,injection+amplification,True,True,True,True,False,False,True,False,False,False,,False,False,True,False,True,True,False,amplifier,False,inherits-from-upstream
trunk_output.block4.block4-3.activation,ReLU,1.0149967388286698,1.0152773968005129,0.00028065797184306795,1.0002765112055108,0.43468274171362903,2.8048102524352374,-0.1316943512000878,0.7628492935682826,62.17047613962421,-0.07630856646509054,0.0,0.3647385537624359,N/A,N/A,N/A,N/A,N/A,N/A,False,,True,146,-0.2,0.09992493430694925,-0.3643618906176731,0.9773308645462646,0,4,mqbench-act,1.0,,,,,0.0,0.0,0.0,1.0,,1.0,injection+amplification,True,True,False,False,False,False,False,False,False,False,,False,False,False,False,False,False,True,amplifier,False,stable
trunk_output.block4.block4-4.f.a.0,Conv2d,1.0152773968005129,0.8324175259792335,-0.1828598708212794,0.8198917149169935,0.5937910620382144,5.044951473195305,1.5931756918429163,0.7193043833490994,4.247450056152885,3.855476342322643e-07,0.0,0.7464041113853455,0.19297346472740173,0.9817475080490112,3125.852526008503,5854.2395728180445,22.121788024902344,19.775848388671875,False,,False,147,-0.15,0.3279367641186794,-0.6894079758713392,0.6763101068963477,20,23,mqbench-weight+fallback-act,0.9719329503177786,-0.25,0.14993328514708631,-0.4966183078749342,0.9522833749886612,,,,,0.9522833749886611,,none,False,True,False,False,False,False,False,False,False,False,,False,False,False,False,False,False,False,damper,False,stable
trunk_output.block4.block4-4.f.a.1,BatchNorm2d,0.8324175259792335,1.016308304222198,0.18389077824296463,1.2209117089727783,0.4401039774818704,0.3446338549763167,-0.14050948398614754,0.7917988545645421,26.64495228216277,-0.0504837851714347,0.0,0.12066890299320221,N/A,N/A,N/A,N/A,N/A,N/A,False,,False,148,-0.1,0.07069298939339523,-0.2162796200037681,0.9214023173612353,0,2,fallback-act,0.9908230399021505,,,,,,,,,,,injection+amplification,True,True,True,True,False,False,True,False,False,False,,False,False,True,False,True,True,False,amplifier,False,inherits-from-upstream
trunk_output.block4.block4-4.f.a.2,ReLU,1.016308304222198,1.0164297632120298,0.00012145898983173531,1.0001195099846445,0.4400251567617347,0.34471623427202913,-0.14154747249965566,0.7920727254781967,26.64495228216277,-0.042980346086537335,0.0,0.1206660121679306,N/A,N/A,N/A,N/A,N/A,N/A,False,,True,149,0.0,0.07072836242007383,-0.11633780345499664,0.5,1,1,mqbench-act,0.8626373626373627,,,,,0.0,0.0,0.0,1.0,,1.0,injection+amplification,True,True,False,False,False,False,False,False,False,False,,False,False,False,False,False,False,True,amplifier,False,stable
trunk_output.block4.block4-4.f.b.0,Conv2d,1.0164297632120298,0.9664705196389176,-0.04995924357311221,0.9508483071026614,0.5139055516669414,0.1822851661111222,0.2962277753554076,0.9186860286044406,14.423800315459896,-0.0002897242183703839,0.0,0.1292809247970581,0.18804076313972473,0.9824220538139343,25.26283498750268,17.50739032977384,11.182296752929688,10.203298568725586,False,,False,150,0.1,0.25500492888742055,-0.31944578217097597,0.3474739576377134,14,12,mqbench-weight+fallback-act,0.8626373626373627,0.3,0.14129749640827197,0.06758630055369122,0.01686939108409901,,,,,0.049241870630956454,,none,False,True,False,False,False,False,False,False,False,False,0.3,False,False,False,False,False,False,False,propagator,False,stable
trunk_output.block4.block4-4.f.b.1,BatchNorm2d,0.9664705196389176,0.9759701114437825,0.009499591804864926,1.0098291583776544,0.4714105163074256,0.5171423282753043,0.21126964326031694,0.7698430538085055,41.137984699973494,-0.00809985161754434,0.0,0.14981012046337128,N/A,N/A,N/A,N/A,N/A,N/A,False,,False,151,-0.05,0.13231592402986098,-0.2676403275439523,0.6472414172730979,3,4,fallback-act,0.9719329503177786,,,,,,,,,,,injection+amplification,True,True,False,False,False,False,False,False,False,False,,False,False,False,False,False,False,True,amplifier,False,stable
trunk_output.block4.block4-4.f.b.2,ReLU,0.9759701114437825,0.9761513786204167,0.00018126717663413672,1.0001857302539379,0.4712804142378672,0.51733444406641,0.20965656056665602,0.7702164685578943,41.137984699973494,0.0016459325080478981,0.0,0.1498110592365265,N/A,N/A,N/A,N/A,N/A,N/A,False,,True,152,0.0,0.07072836242007383,-0.11633780345499664,0.5,1,1,mqbench-act,0.8626373626373627,,,,,0.0,0.0,0.0,1.0,,1.0,injection+amplification+zero-inflation,True,True,False,False,False,False,False,False,False,False,,False,False,False,False,False,False,True,amplifier,False,stable
trunk_output.block4.block4-4.f.c.0,Conv2d,0.9761513786204167,0.34988812222227605,-0.6262632563981406,0.35843633465617686,0.9384601879341955,0.8149856181835178,9.121416008351574,0.7113589593294554,3.3971331450207414,0.0,0.0,0.299012690782547,0.1688484400510788,0.9859886765480042,856969.1911461196,144446.1943636109,19.486045837402344,15.438464164733887,False,,False,153,-0.35000000000000003,0.3201405863015478,-0.8765844045124718,0.8628622969577399,17,24,mqbench-weight+fallback-act,0.9908230399021505,0.25,0.132202453624629,0.03254631466364516,0.02930956699261075,,,,,0.0719416644364082,,none,False,True,False,False,False,False,False,False,False,False,,False,False,False,False,False,False,False,damper,False,stable
trunk_output.block4.block4-4.f.c.1,BatchNorm2d,0.34988812222227605,0.5997216271357043,0.24983350491342826,1.7140382569337826,0.8002248997562489,14.358177489048074,4.441005787415267,0.6578093217709616,5.101326510157788,0.0,0.0,1.2296432256698608,N/A,N/A,N/A,N/A,N/A,N/A,False,,False,154,0.0,0.07072836242007383,-0.11633780345499664,0.5,1,1,fallback-act,0.8626373626373627,,,,,,,,,,,injection+amplification,True,True,True,True,False,False,True,False,False,False,,False,False,True,False,True,True,False,amplifier,False,inherits-from-upstream
trunk_output.block4.block4-4.activation,ReLU,1.2318476482495082,1.2318476482495082,0.0,1.0,0.13878709931572036,1.1747407755652484,-1.811139974490711,0.7472154144880326,291.79537665163167,-0.02533397915527824,0.0,0.1310233324766159,N/A,N/A,N/A,N/A,N/A,N/A,False,,False,155,-0.05,0.08661698015184618,-0.19247225395834788,0.7181160652029447,1,2,fallback-act,0.9719329503177786,,,,,,,,,,,none,False,True,False,False,False,False,False,False,False,False,,False,False,False,False,False,False,False,propagator,False,stable
avgpool,AdaptiveAvgPool2d,,,,,,,,,,,,,N/A,N/A,N/A,N/A,N/A,N/A,False,,True,156,-0.05,0.11182576850283939,-0.23393702090853108,0.6726072830405925,2,3,mqbench-act,0.9719329503177786,,,,,0.0,0.0,0.0,1.0,,1.0,none,False,False,False,False,False,False,False,False,False,False,,False,False,False,False,False,False,False,stable,False,stable
fc,Linear,1.2626856467202399,1.3725733307984356,0.10988768407819571,1.0870269527206737,0.13779437642031897,0.5195996856689453,-2.750711125253072,1.1838058393163444,33.11026548719273,0.0,0.0,0.2409535050392151,0.03547009080648422,0.9993798136711121,44.798062333592874,43.709330713924864,25.019594192504883,24.926420211791992,False,,False,157,-0.1,0.14143904164427382,-0.3326465206411241,0.7602224675075755,3,5,mqbench-weight+fallback-act,0.9857546651698601,0.05,0.05000000000000001,-0.03224268134757362,0.1586552539314571,,,,,0.23155091114320775,,injection+amplification,True,True,True,False,False,False,True,False,False,False,,False,False,False,True,True,True,False,amplifier,False,weight-outlier
