layer,type,inherited_error,output_RelErr,delta_error,amplification_gain,CosineAct,mse_output,sqnr_db,variance_ratio,act_kurtosis,zero_inflation,dead_neuron_ratio,mean_shift,weight_RelErr,weight_Cosine,weight_cond_fp32,weight_cond_int4,weight_outlier_ratio_fp32,weight_outlier_ratio_int4,bn_folded,folded_source_layer,has_post_act_fq,exec_order,iso_sens_W4A4,iso_se_pp,iso_lcb95_pp,iso_p_value,iso_positive_flips,iso_negative_flips,iso_quant_source,iso_q_value,restore_gain_weight,restore_gain_weight_se_pp,restore_gain_weight_lcb95_pp,restore_gain_weight_p_value,restore_gain_activation,restore_gain_activation_se_pp,restore_gain_activation_lcb95_pp,restore_gain_activation_p_value,restore_gain_weight_q_value,restore_gain_activation_q_value,mechanism_flags,has_mechanism,inst_meaningful_output_error,inst_local_injection,inst_local_amplification,inst_structural_activation,inst_conditioning_broken,has_strong_instability,is_fragile,is_weight_contributor,is_activation_contributor,task_effect_pp,has_task_evidence,has_causal_evidence,has_bn_propagation_evidence,has_non_bn_propagation_evidence,has_propagation_evidence,is_flagged,is_collective_failure,layer_role,is_origin,failure_mode
stem.0,Conv2d,0.0,0.012359815808516257,0.012359815808516257,inf,0.9999237941193584,0.000759491212285903,38.15976002497812,1.0010471036768398,22.20416960675821,0.0,0.0,0.0005588526837527752,0.005854974500834942,0.9999827742576599,406.333481133525,490.1707592312567,4.79640007019043,4.794610023498535,False,,False,1,37.65,1.178742324146107,35.711141412887066,3.6225237733088803e-224,796,43,mqbench-weight+fallback-act,8.124803320135632e-223,0.2,0.1413859787867904,-0.0325592400075361,0.07859768263876454,,,,,0.1515812450890459,,injection,True,False,True,True,False,False,False,True,False,False,37.65,True,True,False,False,False,True,False,injector,True,mixed
stem.1,BatchNorm2d,0.012359815808516257,0.01900072518774773,0.006640909379231473,1.5372984097914875,0.9998195397944503,0.004117179357883882,34.4245964661782,1.0000627128272817,22.69750067042523,9.031685031191117e-05,0.0,0.0025926539674401283,N/A,N/A,N/A,N/A,N/A,N/A,False,,False,2,35.199999999999996,1.1921369868004468,33.23910915343828,6.519251979708162e-192,760,56,fallback-act,1.137247289793535e-190,,,,,,,,,,,injection+amplification,True,False,False,True,False,False,False,True,False,False,35.199999999999996,True,True,False,False,False,True,False,amplifier,False,inherits-from-upstream
stem.2,ReLU,0.01900072518774773,0.13620620557693872,0.11720548038919099,7.168474057230657,0.990680695512598,0.2115695792801526,17.31606210890121,0.9776229590276314,22.69750067042523,0.09028111915199122,0.0,0.030534246936440468,N/A,N/A,N/A,N/A,N/A,N/A,False,,True,3,-0.05,0.4976168820293784,-0.868506933238306,0.5400179357435088,49,50,mqbench-act,0.6012965667498644,,,,,0.3,0.1580110241149994,0.040094993886126695,0.02880843195304574,,0.11047452174137898,injection+amplification+zero-inflation,True,True,True,True,True,False,True,False,False,False,,False,False,False,True,True,True,False,amplifier,False,activation-clipping
trunk_output.block1.block1-0.proj.0,Conv2d,0.13620620557693872,0.16017584336954482,0.023969637792606108,1.1759805119823736,0.9871116906730701,0.3456096637005709,15.908059613021363,0.9619612251887899,9.241691319522548,6.811959402901786e-07,0.0,0.2262527346611023,0.13019849359989166,0.9914950132369995,33.00488118530694,26.354208583828587,5.769380569458008,5.527373313903809,False,,False,4,0.4,0.5523337182067867,-0.5085081196800254,0.2344715230333723,65,57,mqbench-weight+fallback-act,0.31463272748922605,0.2,0.1413859787867904,-0.0325592400075361,0.07859768263876454,,,,,0.1515812450890459,,injection+amplification,True,True,True,True,False,False,True,False,False,False,,False,False,False,True,True,True,False,amplifier,False,mixed
trunk_output.block1.block1-0.proj.1,BatchNorm2d,0.16017584336954482,0.1675598018146563,0.0073839584451114715,1.0460990764261238,0.9859136239769933,0.2052315558706011,15.51660323965299,1.006697568679907,25.208443655369702,0.0,0.0,0.1398720145225525,N/A,N/A,N/A,N/A,N/A,N/A,False,,False,5,45.0,1.1866777583029968,43.04808878523267,5.802440293e-315,934,34,fallback-act,3.03661042003e-313,,,,,,,,,,,injection+amplification,True,True,False,False,False,False,False,True,False,False,45.0,True,True,False,False,False,True,False,amplifier,False,inherits-from-upstream
trunk_output.block1.block1-0.f.a.0,Conv2d,0.13620620557693872,0.15289028891993464,0.016684083342995926,1.122491359863715,0.988275899364718,0.8966828706313152,16.312401972907637,0.9515824170070556,9.372270043798535,0.01658642292022705,0.015625,0.3265334367752075,0.1412682831287384,0.989993691444397,84.84071417303215,36.35291864582222,5.663525581359863,5.484053611755371,False,,False,6,17.2,1.0210784987699648,15.520475327896058,5.714813879583991e-64,410,66,mqbench-weight+fallback-act,6.90173676226682e-63,0.15,0.13227811137665477,-0.06757813126418138,0.12840263055093226,,,,,0.2166794390546982,,injection+amplification,True,True,True,False,False,False,True,True,False,False,17.2,True,True,False,True,True,True,False,amplifier,False,activation-outlier
trunk_output.block1.block1-0.f.a.1,BatchNorm2d,0.15289028891993464,0.21607547234623925,0.06318518342630461,1.4132713978936446,0.97661906294065,0.23304577384676253,13.307890578970927,0.9826955941029314,14.116672813716026,0.012856515086427045,0.015625,0.146122545003891,N/A,N/A,N/A,N/A,N/A,N/A,False,,False,7,38.800000000000004,1.1886910840275633,36.84477715911239,5.386157478981378e-234,821,45,fallback-act,1.4093778736667939e-232,,,,,,,,,,,injection+amplification,True,True,True,True,False,False,True,True,False,False,38.800000000000004,True,True,True,False,True,True,False,amplifier,False,inherits-from-upstream
trunk_output.block1.block1-0.f.a.2,ReLU,0.21607547234623925,0.24257065533416436,0.02649518298792511,1.1226200396566495,0.9705814123946186,0.29370193822043283,12.303234769906036,0.9932541707447811,14.116672813716026,0.09708818489191484,0.015625,0.14906856417655945,N/A,N/A,N/A,N/A,N/A,N/A,False,,True,8,0.7000000000000001,0.2911999290854131,0.22101874047584685,0.008111786653189483,24,10,mqbench-act,0.01900821648583207,,,,,0.2,0.15809015228066564,-0.0600351603641634,0.10291757328112552,,0.21012337878229795,injection+amplification+dead-channels+zero-inflation,True,True,True,False,True,False,True,False,False,False,0.7000000000000001,False,False,False,True,True,True,False,amplifier,False,dead-channels+activation-clipping
trunk_output.block1.block1-0.f.b.0,Conv2d,0.24257065533416436,0.2670167013895976,0.02444604605543324,1.1007790741289645,0.9638709498774419,1.519646508353097,11.46923146974993,0.9645784505607715,8.945306665259398,0.0017161904549112127,0.0,0.43001624941825867,0.14424309134483337,0.9896722435951233,8.799164432285103,8.737536918598321,8.079777717590332,7.695125579833984,False,,False,9,33.900000000000006,1.1709314840203653,31.97398910159744,1.350868491091636e-184,728,50,mqbench-weight+fallback-act,2.120863531013868e-183,0.15,0.15,-0.09672804404272081,0.15865525393145707,,,,,0.2447823917799624,,injection+amplification,True,True,True,False,False,False,True,True,False,False,33.900000000000006,True,True,False,True,True,True,False,amplifier,False,bias-correctable
trunk_output.block1.block1-0.f.b.1,BatchNorm2d,0.2670167013895976,0.18899400292446608,-0.07802269846513152,0.7077984333598276,0.9822646097882601,0.5833688536468817,14.471039529036055,0.9931707547631841,3.3650433965126707,0.0010461758594123571,0.0,0.21948806941509247,N/A,N/A,N/A,N/A,N/A,N/A,False,,False,10,42.85,1.1832746170731903,40.90368645442755,1.8960689272449977e-287,892,35,fallback-act,7.4420705394366155e-286,,,,,,,,,,,none,False,True,False,False,False,False,False,True,False,False,42.85,True,True,False,False,False,True,False,damper,False,mixed
trunk_output.block1.block1-0.f.b.2,ReLU,0.18899400292446608,0.20366454822979552,0.014670545305329435,1.0776243958978566,0.9793782899115728,0.677451279698586,13.821691236209423,0.9949974470557806,3.3650433965126707,0.0769856851928088,0.0,0.21780121326446533,N/A,N/A,N/A,N/A,N/A,N/A,False,,True,11,0.5,0.3463162824409818,-0.06963959324539937,0.0744022719747999,29,19,mqbench-act,0.12979063000048427,,,,,0.4,0.1730172462032091,0.11541195505749569,0.010391369819802793,,0.11047452174137898,injection+amplification+zero-inflation,True,True,True,False,True,False,True,False,False,False,,False,False,False,True,True,True,False,amplifier,False,activation-clipping
trunk_output.block1.block1-0.f.c.0,Conv2d,0.20366454822979552,0.2535436366829932,0.04987908845319766,1.2449080553622858,0.9679313237055245,2.8277612802933674,11.918945693893175,0.9922320522559538,2.2553559163075123,0.00034081692598303973,0.0,0.7559580206871033,0.15100717544555664,0.9886090159416199,4111.131456137535,252.56694264943457,7.881634712219238,7.288618564605713,False,,False,12,11.899999999999999,0.8913990667193196,10.43377901204557,5.938301857716619e-41,292,54,mqbench-weight+fallback-act,4.43958757934052e-40,0.1,0.15813761017504954,-0.1601132216538683,0.2635756243794994,,,,,0.35582709291232417,,injection+amplification,True,True,True,True,False,False,True,True,False,False,11.899999999999999,True,True,False,True,True,True,False,amplifier,False,bias-correctable
trunk_output.block1.block1-0.f.c.1,BatchNorm2d,0.2535436366829932,0.3961315296658234,0.1425878929828302,1.5623800890775599,0.9224155023474506,3.994680540902274,8.043211780294719,1.0375361787945125,5.9574186118942904,0.0,0.0,0.8605332970619202,N/A,N/A,N/A,N/A,N/A,N/A,False,,False,13,14.85,0.9605727978919792,13.269998349436454,3.2537887785506443e-54,355,58,fallback-act,3.19278023895282e-53,,,,,,,,,,,injection+amplification,True,True,True,True,False,False,True,True,False,False,14.85,True,True,True,False,True,True,False,amplifier,False,inherits-from-upstream
trunk_output.block1.block1-0.activation,ReLU,0.28139089275929435,0.29123130234243466,0.009840409583140308,1.0349706043669222,0.9567322236421129,2.193846050573855,10.715238953664883,0.9674460079674019,3.215519554696927,0.11140113460774326,0.0,0.5303205251693726,N/A,N/A,N/A,N/A,N/A,N/A,False,,True,14,-0.1,0.33173788600717014,-0.6456602649961078,0.618461572456782,21,23,mqbench-act,0.6696445991428606,,,,,0.44999999999999996,0.19343592926177056,0.13182621017104823,0.009999898427146874,,0.11047452174137898,injection+amplification+zero-inflation,True,True,False,False,True,False,True,False,False,False,,False,False,False,True,True,True,False,amplifier,False,activation-clipping
trunk_output.block2.block2-0.proj.0,Conv2d,0.29123130234243466,0.2235460035052999,-0.06768529883713476,0.7675892038639814,0.9746942176059706,1.2031464820005455,13.012661798505425,0.9467530595740343,7.697435655386252,7.989455242546237e-05,0.0,0.4165877401828766,0.142488494515419,0.9898351430892944,34.379167188100325,30.008299384137086,7.535982131958008,7.357456207275391,False,,False,15,0.05,0.42141137119433064,-0.6431600223475878,0.4527767570761991,36,35,mqbench-weight+fallback-act,0.5188755537296588,0.0,0.14145672484014765,-0.23267560690999328,0.5,,,,,0.54,,none,False,True,False,False,False,False,False,False,False,False,,False,False,False,False,False,False,False,damper,False,stable
trunk_output.block2.block2-0.proj.1,BatchNorm2d,0.2235460035052999,0.14906598183628053,-0.07448002166901938,0.6668246334036851,0.9888391357032487,0.1474156142497549,16.532429100950367,0.9810783930789372,3.172017506254015,0.0,0.0,0.13275077939033508,N/A,N/A,N/A,N/A,N/A,N/A,False,,False,16,1.2,0.46301964709588556,0.43840045412454187,0.004775390983041301,55,31,fallback-act,0.01209252232802394,,,,,,,,,,,none,False,True,False,False,False,False,False,False,False,False,1.2,False,False,False,False,False,False,False,damper,False,stable
trunk_output.block2.block2-0.f.a.0,Conv2d,0.29123130234243466,0.29670004499822855,0.00546874265579389,1.0187780043278578,0.9550240566383548,6.098537522919324,10.553647756340556,0.9355799573489276,1.6308089136228379,0.00051966735294887,0.0,1.0675077438354492,0.14929203689098358,0.9888014793395996,13.870029112208256,13.087973696132611,7.98442268371582,7.34412145614624,False,,False,17,4.45,0.7265415895464417,3.254945431303448,4.536816414678224e-10,152,63,mqbench-weight+fallback-act,2.2258755534515033e-09,0.1,0.15813761017504954,-0.1601132216538683,0.2635756243794994,,,,,0.35582709291232417,,injection+amplification,True,True,False,False,False,False,False,True,False,False,4.45,True,True,False,False,False,True,False,amplifier,False,bias-correctable
trunk_output.block2.block2-0.f.a.1,BatchNorm2d,0.29670004499822855,0.36755698742375825,0.0708569424255297,1.2388167565864465,0.9329971399846045,0.6849752056355379,8.693506334046742,0.969946658717959,5.852602621314007,-0.012640473793963991,0.0,0.2873181700706482,N/A,N/A,N/A,N/A,N/A,N/A,False,,False,18,13.8,0.9696649550553693,12.20504308174944,2.9115908732070316e-46,345,69,fallback-act,2.28559883546752e-45,,,,,,,,,,,injection+amplification,True,True,True,True,False,False,True,True,False,False,13.8,True,True,True,False,True,True,False,amplifier,False,inherits-from-upstream
trunk_output.block2.block2-0.f.a.2,ReLU,0.36755698742375825,0.37717535966110743,0.009618372237349182,1.0261683835879853,0.92944985017477,0.7212936537606376,8.469133737185789,0.9733866693698587,5.852602621314007,0.039946424717805795,0.0,0.287794291973114,N/A,N/A,N/A,N/A,N/A,N/A,False,,True,19,0.3,0.29154330510127424,-0.17954606280925062,0.15173827475134377,20,14,mqbench-act,0.2226440106164577,,,,,0.3,0.14129749640827194,0.06758630055369128,0.016869391084099,,0.11047452174137898,injection+amplification+zero-inflation,True,True,False,False,False,False,False,False,False,False,,False,False,False,False,False,False,True,amplifier,False,stable
trunk_output.block2.block2-0.f.b.0,Conv2d,0.37717535966110743,0.41904137869778063,0.0418660190366732,1.1109988178291654,0.9160645064921762,3.226631767895757,7.554861800682447,1.0783868244705839,4.255382538634599,1.6163806526028378e-05,0.0,0.7377667427062988,0.14970871806144714,0.9888306260108948,131.399224080431,127.52018628066396,7.943231582641602,7.028902530670166,False,,False,20,15.85,0.991150815955869,14.219701985519077,7.321685610735145e-58,380,63,mqbench-weight+fallback-act,8.21074743489584e-57,0.4,0.18691567278954213,0.09255107767804704,0.016177283879519944,,,,,0.05847472137426079,,injection+amplification,True,True,True,False,False,False,True,True,False,False,15.85,True,True,False,True,True,True,False,amplifier,False,bias-correctable
trunk_output.block2.block2-0.f.b.1,BatchNorm2d,0.41904137869778063,0.31306060129055285,-0.10598077740722778,0.7470875603345539,0.9515039718030014,0.8272858882436946,10.087431699003112,1.011193693959067,2.120069664811907,0.002204077584402886,0.0,0.33102309703826904,N/A,N/A,N/A,N/A,N/A,N/A,False,,False,21,62.849999999999994,1.1260873795550668,60.99775108947456,0.0,1277,20,fallback-act,0.0,,,,,,,,,,,none,False,True,False,False,False,False,False,True,False,False,62.849999999999994,True,True,False,False,False,True,False,damper,False,mixed
trunk_output.block2.block2-0.f.b.2,ReLU,0.31306060129055285,0.32139070636468814,0.008330105074135286,1.0266086024232863,0.9488364321556955,0.8718974638958367,9.859333717159092,1.0124934253246711,2.120069664811907,0.05537225762192083,0.0,0.33015772700309753,N/A,N/A,N/A,N/A,N/A,N/A,False,,True,22,0.4,0.29994163180733285,-0.09336008095203446,0.09116867226637139,22,14,mqbench-act,0.1522710802746841,,,,,0.25,0.132202453624629,0.03254631466364516,0.02930956699261075,,0.11047452174137898,injection+amplification+zero-inflation,True,True,False,False,True,False,True,False,False,False,,False,False,False,True,True,True,False,amplifier,False,activation-clipping
trunk_output.block2.block2-0.f.c.0,Conv2d,0.32139070636468814,0.34408677974063484,0.0226960733759467,1.0706183250681587,0.9392465401169854,3.1730034886574257,9.26664026429095,0.9280161284002656,1.2720384989741165,4.2876418755978956e-05,0.0,0.8250896334648132,0.19737820327281952,0.9805279970169067,967.5645706939259,21875.145222850308,10.968857765197754,10.358238220214844,False,,False,23,8.200000000000001,0.7821034732830822,6.91355426531898,5.086643014081755e-26,211,47,mqbench-weight+fallback-act,3.327512305045148e-25,0.5,0.17288708735034625,0.215626047318707,0.0019136182484848906,,,,,0.017222564236364014,,injection+amplification+conditioning-broken,True,True,True,False,False,True,True,True,False,False,8.200000000000001,True,True,False,True,True,True,False,amplifier,False,weight-limited+weight-outlier+ill-conditioned+bias-correctable
trunk_output.block2.block2-0.f.c.1,BatchNorm2d,0.34408677974063484,0.5397292401262391,0.1956424603856043,1.5685846475504677,0.8625520017310183,3.9521465496141084,5.356481063135721,1.1245000096748943,4.727043763991425,0.0,0.0,0.8484278917312622,N/A,N/A,N/A,N/A,N/A,N/A,False,,False,24,12.950000000000001,0.8966887840202384,11.475078201357606,1.407291292868212e-47,307,48,fallback-act,1.227470738779496e-46,,,,,,,,,,,injection+amplification,True,True,True,True,False,False,True,True,False,False,12.950000000000001,True,True,True,False,True,True,False,amplifier,False,inherits-from-upstream
trunk_output.block2.block2-0.activation,ReLU,0.30531684901420353,0.3097265624424225,0.004409713428218998,1.0144430726389877,0.9527829823932249,2.3068619163668886,10.180430950824224,1.0456722686278979,-0.015432433814259294,0.050447999214639466,0.0,0.609258770942688,N/A,N/A,N/A,N/A,N/A,N/A,False,,True,25,0.25,0.304162797698456,-0.25030328097801224,0.20555886314294078,21,16,mqbench-act,0.2827741292498862,,,,,0.25,0.1657784402316019,-0.02268126868530823,0.06577254553084201,,0.17904748505618104,injection+amplification+zero-inflation,True,True,False,False,True,False,True,False,False,False,,False,False,False,True,True,True,False,amplifier,False,activation-clipping
trunk_output.block2.block2-1.f.a.0,Conv2d,0.3097265624424225,0.30137437833016045,-0.008352184112262073,0.9730336847882889,0.9545822163541003,4.6685746251320355,10.417873449373786,0.9941828632052195,1.073218255474269,0.0007291715972277583,0.0,1.1246446371078491,0.18792155385017395,0.982429563999176,1528.4318717475187,788.1263212482355,10.430734634399414,9.305390357971191,False,,False,26,0.75,0.46618388400592903,-0.01680425243347672,0.053829250466295483,51,36,mqbench-weight+fallback-act,0.09603627640009535,0.2,0.12242341992802454,-0.0013686062924142817,0.05116362432481116,,,,,0.1255834415245365,,none,False,True,False,False,False,False,False,False,False,False,,False,False,False,False,False,False,False,propagator,False,stable
trunk_output.block2.block2-1.f.a.1,BatchNorm2d,0.30137437833016045,0.48262093352613133,0.18124655519597088,1.6014000134988662,0.8854278246455587,0.6340492160952821,6.327876892733787,1.0318011010885955,4.357338009985998,0.007580834992077845,0.0,0.3237147331237793,N/A,N/A,N/A,N/A,N/A,N/A,False,,False,27,10.7,0.9017547231871842,9.216745472944938,8.914416051743578e-33,281,67,fallback-act,6.361651455107916e-32,,,,,,,,,,,injection+amplification,True,True,True,True,False,False,True,True,False,False,10.7,True,True,True,False,True,True,False,amplifier,False,inherits-from-upstream
trunk_output.block2.block2-1.f.a.2,ReLU,0.48262093352613133,0.48827754348377694,0.005656609957645609,1.0117206063075574,0.8826054087062406,0.6489991995753074,6.226664980438587,1.0324365234217832,4.357338009985998,0.05843059384092991,0.0,0.3231423497200012,N/A,N/A,N/A,N/A,N/A,N/A,False,,True,28,0.1,0.23456877723948635,-0.285831304011941,0.3349394569946373,12,10,mqbench-act,0.42407657054966175,,,,,0.25,0.14993328514708634,0.0033816921250657273,0.047716625011338734,,0.14747162305386746,injection+amplification+zero-inflation,True,True,False,False,True,False,True,False,False,False,,False,False,False,True,True,True,False,amplifier,False,activation-clipping
trunk_output.block2.block2-1.f.b.0,Conv2d,0.48827754348377694,0.5500888073630026,0.06181126387922564,1.1265904293656694,0.84480013247779,1.3610455162671147,5.191343830687933,0.9426561517286215,2.389931267914915,4.103718971719547e-05,0.0,0.4483746290206909,0.18790659308433533,0.9823866486549377,87.89388235035689,82.31815503931716,11.356053352355957,10.155733108520508,False,,False,29,1.7500000000000002,0.5206767732010671,0.8935629211308359,0.00038828964129907764,72,37,mqbench-weight+fallback-act,0.0012700307017490663,0.6,0.18664784678467275,0.2929916122535483,0.0006531097092416202,,,,,0.007053584859809499,,injection+amplification,True,True,True,False,False,False,True,False,False,False,1.7500000000000002,False,False,False,True,True,True,False,amplifier,False,weight-outlier+bias-correctable
trunk_output.block2.block2-1.f.b.1,BatchNorm2d,0.5500888073630026,0.5570371703573891,0.006948362994386503,1.0126313477049194,0.8446063810186644,0.9484189432494494,5.082316479200616,0.9807614443070579,20.0530801246261,-0.0038170327945631355,0.0,0.2851543426513672,N/A,N/A,N/A,N/A,N/A,N/A,False,,False,30,12.9,0.9012220040313458,11.417621717980566,8.959073475628082e-47,308,50,fallback-act,7.403023871966363e-46,,,,,,,,,,,injection+amplification,True,True,False,False,False,False,False,True,False,False,12.9,True,True,False,False,False,True,False,amplifier,False,inherits-from-upstream
trunk_output.block2.block2-1.f.b.2,ReLU,0.5570371703573891,0.5616742092459962,0.0046370388886071146,1.0083244694167035,0.841936152470618,0.9642748346134108,5.010310348872055,0.9820421965648988,20.0530801246261,0.04691845056961996,0.0,0.2851659655570984,N/A,N/A,N/A,N/A,N/A,N/A,False,,True,31,0.0,0.1871296576023619,-0.3078008960174321,0.5,7,7,mqbench-act,0.5607142857142857,,,,,0.05,0.13231592402986098,-0.1676403275439523,0.3527585827269021,,0.4432095013748257,injection+amplification+zero-inflation,True,True,False,False,False,False,False,False,False,False,,False,False,False,False,False,False,True,amplifier,False,stable
trunk_output.block2.block2-1.f.c.0,Conv2d,0.5616742092459962,0.4589004456785982,-0.10277376356739798,0.8170224627095416,0.8916969137909512,1.5243612308891452,6.765630410471078,0.9356931246110226,4.69162435413857,0.00018208367483956472,0.0,0.5017154812812805,0.18863631784915924,0.9823808073997498,418.80760830506273,2478.698403879185,9.412092208862305,8.811718940734863,False,,False,32,16.0,0.9446937192082709,14.446117109602,1.2063013846993369e-64,364,44,mqbench-weight+fallback-act,1.5782443116482992e-63,0.05,0.1118257685028394,-0.1339370209085311,0.3273927169594075,,,,,0.39287126035128905,,conditioning-broken,True,True,False,False,False,True,True,True,False,False,16.0,True,True,False,True,True,True,False,damper,False,weight-limited+ill-conditioned+bias-correctable
trunk_output.block2.block2-1.f.c.1,BatchNorm2d,0.4589004456785982,0.47822202569913147,0.019321580020533247,1.0421040776980757,0.8855037633164141,1.9691460959765377,6.407408505044577,0.9980559369773623,15.2495360321523,0.0,0.0,0.5124636292457581,N/A,N/A,N/A,N/A,N/A,N/A,False,,False,33,40.9,1.1507637153491943,39.00716212904373,5.598328849291213e-277,841,23,fallback-act,1.757875258677441e-275,,,,,,,,,,,injection+amplification,True,True,True,False,False,False,True,True,False,False,40.9,True,True,True,False,True,True,False,amplifier,False,inherits-from-upstream
trunk_output.block2.block2-1.activation,ReLU,0.3003338374783584,0.30422258198894575,0.0038887445105873497,1.0129480731949412,0.9537727756171906,3.289704400665906,10.336171041084972,1.0104338357390177,4.368336769773245,0.041631396935910586,0.0,0.6702147722244263,N/A,N/A,N/A,N/A,N/A,N/A,False,,True,34,0.2,0.21213792977830553,-0.14893584320982256,0.17289599525416116,11,7,mqbench-act,0.24454658788201172,,,,,0.1,0.12248469802642821,-0.10146939979482628,0.20712754690278293,,0.30755302418898073,injection+amplification+zero-inflation,True,True,False,False,False,False,False,False,False,False,,False,False,False,False,False,False,True,amplifier,False,stable
trunk_output.block2.block2-2.f.a.0,Conv2d,0.30422258198894575,0.3212296734320583,0.017007091443112576,1.0559034484945977,0.9477634880258635,5.811906230692961,9.863686876050927,0.9722580868728061,0.23221944683538265,5.781407258948501e-05,0.0,1.1265531778335571,0.17826931178569794,0.9842308163642883,1626.1527078100994,2148.353780596346,9.547722816467285,8.7185640335083,False,,False,35,5.4,0.6968951365992646,4.253709506959858,4.643547202921857e-15,154,46,mqbench-weight+fallback-act,2.6037032530668987e-14,0.44999999999999996,0.16556707471026377,0.17766639665907724,0.003284569895703607,,,,,0.025338110623999256,,injection+amplification,True,True,True,False,False,False,True,True,False,False,5.4,True,True,False,True,True,True,False,amplifier,False,bias-correctable
trunk_output.block2.block2-2.f.a.1,BatchNorm2d,0.3212296734320583,0.5701836625516442,0.24895398911958588,1.7750030887860704,0.8417074265576286,0.6769460707294698,4.879704613393978,1.0654922585317075,6.526865553175597,0.022696718877675603,0.0078125,0.29541775584220886,N/A,N/A,N/A,N/A,N/A,N/A,False,,False,36,35.55,1.1559701049083064,33.648598380294096,5.507955569520656e-208,749,38,fallback-act,1.0809362805184288e-206,,,,,,,,,,,injection+amplification,True,True,True,True,False,False,True,True,False,False,35.55,True,True,True,False,True,True,False,amplifier,False,inherits-from-upstream
trunk_output.block2.block2-2.f.a.2,ReLU,0.5701836625516442,0.5754992868050515,0.005315624253407258,1.0093226526863628,0.8382395860682452,0.6896267715765505,4.799104204778404,1.0612830201280266,6.526865553175597,0.06935504018043981,0.0078125,0.29473987221717834,N/A,N/A,N/A,N/A,N/A,N/A,False,,True,37,-0.1,0.15813761017504954,-0.3601132216538683,0.7364243756205006,4,6,mqbench-act,0.7656862713405204,,,,,0.2,0.1413859787867904,-0.0325592400075361,0.07859768263876454,,0.18339459282378393,injection+amplification+dead-channels+zero-inflation,True,True,False,False,True,False,True,False,False,False,,False,False,False,True,True,True,False,amplifier,False,dead-channels+activation-clipping
trunk_output.block2.block2-2.f.b.0,Conv2d,0.5754992868050515,0.526334549864553,-0.0491647369404985,0.9145702904108848,0.8676559468619902,1.2875606624447569,5.574762418273527,1.0632375242018544,3.162519301341587,0.007674888688690809,0.0,0.4541882276535034,0.1791013926267624,0.9840587973594666,56.56599557355039,55.63655222250811,9.328614234924316,8.14752197265625,False,,False,38,8.450000000000001,0.7727207119324061,7.178987534357459,3.9036093657700413e-28,211,42,mqbench-weight+fallback-act,2.6646376975038978e-27,0.3,0.14129749640827197,0.06758630055369122,0.01686939108409901,,,,,0.05847472137426079,,none,False,True,False,False,False,False,False,True,False,False,8.450000000000001,True,True,False,False,False,True,False,damper,False,activation-outlier+bias-correctable
trunk_output.block2.block2-2.f.b.1,BatchNorm2d,0.526334549864553,0.5128192965199069,-0.013515253344646094,0.9743219339332292,0.8658456851629057,0.6561918501951256,5.800712828347809,0.9588283032725193,5.286956422960079,0.007042330138537389,0.0078125,0.20802393555641174,N/A,N/A,N/A,N/A,N/A,N/A,False,,False,39,7.249999999999999,0.7324527244107623,6.04522247968247,2.1181183047891276e-23,185,40,fallback-act,1.3301782954075723e-22,,,,,,,,,,,none,False,True,False,False,False,False,False,True,False,False,7.249999999999999,True,True,False,False,False,True,False,propagator,False,mixed
trunk_output.block2.block2-2.f.b.2,ReLU,0.5128192965199069,0.5172713010605259,0.004452004540619003,1.0086814294447015,0.8635694702221496,0.6676346720481405,5.725632323826777,0.9620559308857113,5.286956422960079,0.0489007794127172,0.0078125,0.20805174112319946,N/A,N/A,N/A,N/A,N/A,N/A,False,,True,40,-0.05,0.18031918229559457,-0.34659866100783243,0.6092197780771291,6,7,mqbench-act,0.6642187858202032,,,,,0.5499999999999999,0.1799025638122846,0.25408661541549493,0.0011170367833262557,,0.05473480238298653,injection+amplification+dead-channels+zero-inflation,True,True,False,False,False,False,False,False,False,False,,False,False,False,False,False,False,True,amplifier,False,stable
trunk_output.block2.block2-2.f.c.0,Conv2d,0.5172713010605259,0.47656036225297144,-0.04071093880755444,0.9212967378548016,0.8858144034148085,0.9029501992828992,6.437641655682692,0.9891860102616774,0.8608096853285954,0.00016756446994080836,0.0,0.293794184923172,0.16602158546447754,0.9863182902336121,3569.894382508824,3864.827484159914,10.479859352111816,9.080636978149414,False,,False,41,0.4,0.4637105926727127,-0.36273605021352817,0.19417679208511648,47,39,mqbench-weight+fallback-act,0.27219425319074364,-0.05,0.11182576850283939,-0.23393702090853108,0.6726072830405925,,,,,0.7121724173370979,,none,False,True,False,False,False,False,False,False,False,False,,False,False,False,False,False,False,False,damper,False,stable
trunk_output.block2.block2-2.f.c.1,BatchNorm2d,0.47656036225297144,0.5758461375593832,0.09928577530641175,1.2083382991338842,0.8395420500621273,2.263782666654003,4.793870836233412,1.064073622560077,3.439902833157886,0.0,0.0,0.4298849105834961,N/A,N/A,N/A,N/A,N/A,N/A,False,,False,42,5.3,0.6972790682714668,4.153077995556334,1.46955193002e-14,153,47,fallback-act,7.955850103901379e-14,,,,,,,,,,,injection+amplification,True,True,True,True,False,False,True,True,False,False,5.3,True,True,True,False,True,True,False,amplifier,False,inherits-from-upstream
trunk_output.block2.block2-2.activation,ReLU,0.3095617145995791,0.31367646058101795,0.00411474598143885,1.0132921669165753,0.9508674135690004,4.473857431995626,10.070361422242007,1.0212668559916072,0.09955450426880263,0.05904861372344347,0.0,0.6822783350944519,N/A,N/A,N/A,N/A,N/A,N/A,False,,True,43,0.3,0.24491833842374508,-0.1028548172632252,0.1103068138846561,15,9,mqbench-act,0.17146702752367335,,,,,0.2,0.12242341992802454,-0.0013686062924142817,0.05116362432481116,,0.14747162305386746,injection+amplification+zero-inflation,True,True,False,False,True,False,True,False,False,False,,False,False,False,True,True,True,False,amplifier,False,activation-clipping
trunk_output.block3.block3-0.proj.0,Conv2d,0.31367646058101795,0.33663425579671685,0.022957795215698906,1.0731894104300161,0.9450606712063563,2.322309351291786,9.456833848813112,1.051602307746079,5.459899457893062,1.864963107638889e-05,0.0,0.7412235736846924,0.20633886754512787,0.9788462519645691,23.293922528171336,20.663156786745226,10.443216323852539,9.846936225891113,False,,False,44,0.8,0.47936927044682826,0.011507716856453465,0.04757260572581818,54,38,mqbench-weight+fallback-act,0.08786940116415828,0.4,0.1730172462032091,0.11541195505749569,0.010391369819802793,,,,,0.056113397026935075,,injection+amplification,True,True,True,False,False,False,True,False,False,False,,False,False,False,True,True,True,False,amplifier,False,weight-limited+bias-correctable
trunk_output.block3.block3-0.proj.1,BatchNorm2d,0.33663425579671685,0.41628010685399197,0.07964585105727512,1.2365946117657463,0.915669061232546,0.455824568698736,7.612286852644804,1.1222181935283368,4.8481296923481665,0.0,0.0,0.274665892124176,N/A,N/A,N/A,N/A,N/A,N/A,False,,False,45,14.899999999999999,0.9324321502701568,13.36628559574197,8.847657842828799e-58,345,47,fallback-act,9.260548542160809e-57,,,,,,,,,,,injection+amplification,True,True,True,True,False,False,True,True,False,False,14.899999999999999,True,True,True,False,True,True,False,amplifier,False,inherits-from-upstream
trunk_output.block3.block3-0.f.a.0,Conv2d,0.31367646058101795,0.32405110889462596,0.010374648313608015,1.0330743604234478,0.9481994956804242,10.675190067075008,9.787729761273042,1.021106569442354,0.4448709397086108,7.443417226916808e-06,0.0,1.357192873954773,0.1913338303565979,0.9817888140678406,24.91653469299832,16.55175790278021,10.642708778381348,9.899495124816895,False,,False,46,46.5,1.1998311537040114,44.52645337510059,0.0,969,39,mqbench-weight+fallback-act,0.0,8.9,0.6446726311863257,7.839607884396823,1.1813543152838826e-43,,,,,6.379313302532967e-42,,injection+amplification,True,True,True,False,False,False,True,True,True,False,46.5,True,True,False,True,True,True,False,amplifier,False,weight-limited+bias-correctable
trunk_output.block3.block3-0.f.a.1,BatchNorm2d,0.32405110889462596,0.8047068920328719,0.480655783138246,2.483271527068109,0.6699289235754231,0.729299039256816,1.8872455815377633,0.9568028784565146,22.598830890853055,0.00805722450723445,0.0,0.21023119986057281,N/A,N/A,N/A,N/A,N/A,N/A,False,,False,47,8.05,0.8248872465281195,6.69318122072221,8.448108821302619e-23,223,62,fallback-act,5.101358019017351e-22,,,,,,,,,,,injection+amplification,True,True,True,True,False,False,True,True,False,False,8.05,True,True,True,False,True,True,False,amplifier,False,inherits-from-upstream
trunk_output.block3.block3-0.f.a.2,ReLU,0.8047068920328719,0.8097611032301146,0.005054211197242697,1.0062808101276164,0.6660886864333908,0.7384889866489401,1.8328617669173535,0.961203272932952,22.598830890853055,0.0472397923199227,0.0,0.21050260961055756,N/A,N/A,N/A,N/A,N/A,N/A,False,,True,48,-0.1,0.20003751524089639,-0.42903243247034883,0.6914294471537858,7,9,mqbench-act,0.7334758324536782,,,,,0.35000000000000003,0.14983315716987927,0.10354638799153412,0.009747404496764773,,0.11047452174137898,injection+amplification+zero-inflation,True,True,False,False,False,False,False,False,False,False,,False,False,False,False,False,False,True,amplifier,False,stable
trunk_output.block3.block3-0.f.b.0,Conv2d,0.8097611032301146,0.7840881716756791,-0.025672931554435507,0.9682956720790529,0.699427387099093,1.7855324258609695,2.112701952456405,1.0419382672542536,6.610632529454071,0.0031010288229875284,0.0,0.5884181261062622,0.15573900938034058,0.9879152178764343,70.65443524639461,43.559777579036655,7.727132320404053,6.76737642288208,False,,False,49,5.35,0.7269477123481743,4.15427741874003,9.227325615833952e-14,162,55,mqbench-weight+fallback-act,4.828967072286434e-13,0.1,0.14143904164427382,-0.1326465206411241,0.23977753249242448,,,,,0.34073649354186636,,none,False,True,False,False,False,False,False,True,False,False,5.35,True,True,False,False,False,True,False,propagator,False,bias-correctable
trunk_output.block3.block3-0.f.b.1,BatchNorm2d,0.7840881716756791,0.47679705484327406,-0.30729111683240506,0.6080911204467075,0.8892284705768805,1.47665035913861,6.43332871759066,1.0788466891242978,0.6561203267928426,0.003958046841783608,0.0,0.5110927820205688,N/A,N/A,N/A,N/A,N/A,N/A,False,,False,50,2.8000000000000003,0.6174711615271264,1.784350320424168,2.88529961320326e-06,105,49,fallback-act,1.1615180494177225e-05,,,,,,,,,,,none,False,True,False,False,False,False,False,False,False,False,2.8000000000000003,False,False,False,False,False,False,False,damper,False,stable
trunk_output.block3.block3-0.f.b.2,ReLU,0.47679705484327406,0.4711792280013689,-0.005617826841905149,0.988217572267195,0.8911755509265916,1.4420583037292065,6.536277274573182,1.0633367303511927,0.6561203267928426,0.04825678542087411,0.0,0.508078396320343,N/A,N/A,N/A,N/A,N/A,N/A,False,,True,51,0.0,0.23457944018365812,-0.38584884299433597,0.5,11,11,mqbench-act,0.5607142857142857,,,,,0.1,0.14143904164427382,-0.1326465206411241,0.23977753249242448,,0.3356885454893943,zero-inflation,True,True,False,False,False,False,False,False,False,False,,False,False,False,False,False,False,True,propagator,False,stable
trunk_output.block3.block3-0.f.c.0,Conv2d,0.4711792280013689,0.5598560147352177,0.08867678673384882,1.1882018167693742,0.8460540336019756,4.23892869322208,5.038473032960107,1.0388315065772638,0.6618987101194516,2.2749781878897393e-05,0.0,1.0671547651290894,0.2194741815328598,0.9763208031654358,15128.271468834895,1931.5155195503196,15.194679260253906,13.755861282348633,False,,False,52,2.8000000000000003,0.6413155563538208,1.745129781111017,6.326389026696553e-06,111,55,mqbench-weight+fallback-act,2.3648644695032352e-05,1.25,0.3110741608793366,0.7383285382267375,2.930549007184929e-05,,,,,0.0007912482319399308,,injection+amplification,True,True,True,True,False,False,True,False,False,False,2.8000000000000003,False,False,False,True,True,True,False,amplifier,False,weight-limited+weight-outlier+bias-correctable
trunk_output.block3.block3-0.f.c.1,BatchNorm2d,0.5598560147352177,0.844184256675846,0.2843282419406282,1.5078595825662433,0.6634091269487212,4.342365584946544,1.471255026635314,1.1500310782828391,4.2124912361099875,0.0,0.0,1.0342592000961304,N/A,N/A,N/A,N/A,N/A,N/A,False,,False,53,13.850000000000001,0.9011075115510284,12.367810041352076,1.3013461944811885e-53,320,43,fallback-act,1.2018314854914506e-52,,,,,,,,,,,injection+amplification,True,True,True,True,False,False,True,True,False,False,13.850000000000001,True,True,True,False,True,True,False,amplifier,False,inherits-from-upstream
trunk_output.block3.block3-0.activation,ReLU,0.49538252880838046,0.4984593362754776,0.0030768074670971535,1.0062109729111728,0.8744060773857325,2.7000602670267324,6.047405302773546,1.005739832329231,0.8230192380589876,0.0523622992898331,0.0,0.7504169344902039,N/A,N/A,N/A,N/A,N/A,N/A,False,,True,54,0.35000000000000003,0.2692117892919009,-0.09281398803487872,0.09678477916967258,18,11,mqbench-act,0.15828344093373536,,,,,0.35000000000000003,0.16568788802480122,0.07746767644047636,0.017325843370151344,,0.11047452174137898,injection+amplification+zero-inflation,True,True,False,False,True,False,True,False,False,False,,False,False,False,True,True,True,False,amplifier,False,activation-clipping
trunk_output.block3.block3-1.f.a.0,Conv2d,0.4984593362754776,0.48131379761640086,-0.017145538659076753,0.965602934058394,0.8830903741542533,4.025263727927695,6.351433768207362,0.9723326105823844,0.5703167798230084,1.0708832686720521e-05,0.0,1.0456573963165283,0.2328716367483139,0.9734429717063904,1707.1556666278861,1099.4463011380458,15.258548736572266,12.739363670349121,False,,False,55,0.1,0.42436428044930996,-0.5980171258456992,0.40685345484700364,37,35,mqbench-weight+fallback-act,0.48027061963142537,0.35000000000000003,0.16568788802480122,0.07746767644047636,0.017325843370151344,,,,,0.05847472137426079,,none,False,True,False,False,False,False,False,False,False,False,,False,False,False,False,False,False,False,propagator,False,stable
trunk_output.block3.block3-1.f.a.1,BatchNorm2d,0.48131379761640086,0.6120600853490442,0.13074628773264335,1.271644586920498,0.8030543092727952,0.4495229958947283,4.264118829812838,0.8804479555912942,3.759679201534679,-0.0065390139209980935,0.010416686534881592,0.2623039186000824,N/A,N/A,N/A,N/A,N/A,N/A,False,,False,56,1.2,0.4789516649398709,0.412194616789207,0.006114403505035778,58,34,fallback-act,0.014999396098290893,,,,,,,,,,,injection+amplification,True,True,True,True,False,False,True,False,False,False,1.2,False,False,True,False,True,True,False,amplifier,False,inherits-from-upstream
trunk_output.block3.block3-1.f.a.2,ReLU,0.6120600853490442,0.6155345460123308,0.003474460663286605,1.0056766659784802,0.8009613369071742,0.4546410653596562,4.214951357610113,0.8853969000759654,3.759679201534679,0.0358017728982869,0.010416686534881592,0.2623996436595917,N/A,N/A,N/A,N/A,N/A,N/A,False,,True,57,-0.1,0.18711629072084174,-0.4077789094538826,0.703476932451566,6,8,mqbench-act,0.7412475060060124,,,,,0.1,0.12248469802642822,-0.10146939979482628,0.20712754690278293,,0.30755302418898073,injection+amplification+dead-channels+zero-inflation,True,True,False,False,False,False,False,False,False,False,,False,False,False,False,False,False,True,amplifier,False,stable
trunk_output.block3.block3-1.f.b.0,Conv2d,0.6155345460123308,0.5948060380598077,-0.020728507952523123,0.9663243792134651,0.8130679924423866,0.5993989654679417,4.512492629405637,0.876311916428042,12.38029201157743,0.005723135811941964,0.0,0.3290148079395294,0.19743669033050537,0.9806444048881531,22.09466094978975,16.818708593409376,10.965723991394043,9.6461181640625,False,,False,58,-0.35000000000000003,0.4272353157306916,-1.0527395586413855,0.7936697369892671,33,40,mqbench-weight+fallback-act,0.8144192725968297,0.2,0.1413859787867904,-0.0325592400075361,0.07859768263876454,,,,,0.1515812450890459,,none,False,True,False,False,False,False,False,False,False,False,,False,False,False,False,False,False,False,propagator,False,stable
trunk_output.block3.block3-1.f.b.1,BatchNorm2d,0.5948060380598077,0.8324195522747216,0.23761351421491395,1.3994806693455621,0.646783274388882,0.46138591506854204,1.5931545484178748,0.9588317160453736,56.928696876959876,-0.005027407691592267,0.010416686534881592,0.18344254791736603,N/A,N/A,N/A,N/A,N/A,N/A,False,,False,59,2.75,0.6114782930337148,1.744207711901399,3.4411275292341616e-06,103,48,fallback-act,1.3177000538774716e-05,,,,,,,,,,,injection+amplification,True,True,True,True,False,False,True,False,False,False,2.75,False,False,True,False,True,True,False,amplifier,False,inherits-from-upstream
trunk_output.block3.block3-1.f.b.2,ReLU,0.8324195522747216,0.8341919551757665,0.001772402901044856,1.0021292182484198,0.6451428606509868,0.46335278941390196,1.5746800548389772,0.960444694322917,56.928696876959876,0.041993502316291065,0.010416686534881592,0.18349649012088776,N/A,N/A,N/A,N/A,N/A,N/A,False,,True,60,0.2,0.15809015228066564,-0.0600351603641634,0.10291757328112552,7,3,mqbench-act,0.16487815311363987,,,,,0.1,0.12248469802642821,-0.10146939979482628,0.20712754690278293,,0.30755302418898073,injection+amplification+dead-channels+zero-inflation,True,True,False,False,False,False,False,False,False,False,,False,False,False,False,False,False,True,amplifier,False,stable
trunk_output.block3.block3-1.f.c.0,Conv2d,0.8341919551757665,0.7404135611923135,-0.093778393983453,0.8875817569306411,0.7097658820629135,0.5303109054392428,2.610512708780999,0.8792104939526395,42.20198305182755,0.00035731862732071997,0.0,0.2701738178730011,0.21916207671165466,0.9763672351837158,1883.1410155993767,1681.3719430369754,15.97752571105957,14.052118301391602,False,,False,61,3.15,0.5680669855307778,2.2156129584983106,1.4687573219220711e-08,97,34,mqbench-weight+fallback-act,6.588425701193291e-08,0.05,0.13231592402986098,-0.1676403275439523,0.3527585827269021,,,,,0.40529709504793004,,none,False,True,False,False,False,False,False,True,False,False,3.15,True,True,False,False,False,True,False,damper,False,weight-limited+weight-outlier
trunk_output.block3.block3-1.f.c.1,BatchNorm2d,0.7404135611923135,0.5592222032686696,-0.18119135792364394,0.7552835774214275,0.847355728491048,1.0475075607126803,5.048311875231992,1.0488109246083022,11.221118481311645,0.0,0.0,0.34424716234207153,N/A,N/A,N/A,N/A,N/A,N/A,False,,False,62,6.3,0.7073932446675617,5.136441655827591,2.6468382724266914e-19,167,41,fallback-act,1.5390874398925576e-18,,,,,,,,,,,none,False,True,False,False,False,False,False,True,False,False,6.3,True,True,False,False,False,True,False,damper,False,mixed
trunk_output.block3.block3-1.activation,ReLU,0.450630021066817,0.4535570345508909,0.002927013484073926,1.00649538057217,0.8960964693731129,2.843124112845008,6.867361857490262,1.0055310765212253,4.4903585337886796,0.05719655008813421,0.0,0.7396050691604614,N/A,N/A,N/A,N/A,N/A,N/A,False,,True,63,0.05,0.2693232583880464,-0.3929973383819666,0.4263594207960532,15,14,mqbench-act,0.4958402152961508,,,,,0.3,0.15801102411499945,0.040094993886126584,0.0288084319530458,,0.11047452174137898,injection+amplification+zero-inflation,True,True,False,False,True,False,True,False,False,False,,False,False,False,True,True,True,False,amplifier,False,activation-clipping
trunk_output.block3.block3-2.f.a.0,Conv2d,0.4535570345508909,0.5160737913751742,0.06251675682428326,1.1378365939934918,0.8611518520214636,4.252239910653389,5.745763917231354,0.9046920722433575,0.7349072120149214,7.688215260062358e-05,0.0,1.1199307441711426,0.2585059702396393,0.967082679271698,15462.366399990358,2531.5297015929596,15.952125549316406,14.78658390045166,False,,False,64,4.0,0.6341932675062667,2.956844903754112,1.4204082191685075e-10,122,42,mqbench-weight+fallback-act,7.193680335788893e-10,0.5499999999999999,0.2058395855210648,0.21142401118548876,0.0037702165007398435,,,,,0.025448961379993945,,injection+amplification,True,True,True,False,False,False,True,True,False,False,4.0,True,True,False,True,True,True,False,amplifier,False,weight-limited+weight-outlier+bias-correctable
trunk_output.block3.block3-2.f.a.1,BatchNorm2d,0.5160737913751742,0.7563169859905845,0.24024319461541033,1.4655210139139945,0.7132331035112561,0.5755290876981082,2.425922915014726,0.9904578625283904,21.06670916566066,0.003487498311499082,0.0034722089767456055,0.30875909328460693,N/A,N/A,N/A,N/A,N/A,N/A,False,,False,65,2.5,0.5118652195661478,1.6580566370863101,5.195164149207108e-07,78,28,fallback-act,2.2044345173662598e-06,,,,,,,,,,,injection+amplification,True,True,True,True,False,False,True,False,False,False,2.5,False,False,True,False,True,True,False,amplifier,False,inherits-from-upstream
trunk_output.block3.block3-2.f.a.2,ReLU,0.7563169859905845,0.7582983232969939,0.0019813373064093698,1.0026197181117311,0.711728413164819,0.5785484854596542,2.4031980859569573,0.9924843834479498,21.06670916566066,0.04101918884415745,0.0034722089767456055,0.3087274134159088,N/A,N/A,N/A,N/A,N/A,N/A,False,,True,66,0.2,0.09992493430694925,0.03563810938232695,0.02266913545373544,4,0,mqbench-act,0.044488178327955805,,,,,0.05,0.15003334630175139,-0.196782893828102,0.3694692995003076,,0.4525998918878768,injection+amplification+dead-channels+zero-inflation,True,True,False,False,False,False,False,False,False,False,0.2,False,False,False,False,False,False,True,amplifier,False,stable
trunk_output.block3.block3-2.f.b.0,Conv2d,0.7582983232969939,0.7573524886630477,-0.0009458346339461521,0.9987526879528973,0.6998775486113012,0.6881580266282131,2.4140388630646354,0.9386536551810891,2.7043152617966433,0.0013504720328886763,0.0,0.34993216395378113,0.18527473509311676,0.9829354286193848,17.314585275757523,13.818012790331608,10.852078437805176,9.775431632995605,False,,False,67,1.7000000000000002,0.44005888914207425,0.9761675401224236,5.5974144090937685e-05,56,22,mqbench-weight+fallback-act,0.00019528756938393815,0.1,0.14143904164427382,-0.1326465206411241,0.23977753249242448,,,,,0.34073649354186636,,none,False,True,False,False,False,False,False,False,False,False,1.7000000000000002,False,False,False,False,False,False,False,propagator,False,stable
trunk_output.block3.block3-2.f.b.1,BatchNorm2d,0.7573524886630477,0.9023278092987208,0.1449753206356731,1.191423838708971,0.63116534599226,0.5355980282738095,0.8927131536804284,1.1798465656627188,18.243617379239144,-0.032567982230327086,0.0034722089767456055,0.20427274703979492,N/A,N/A,N/A,N/A,N/A,N/A,False,,False,68,2.15,0.5615571415373557,1.2263206990017792,6.442672554682756e-05,85,42,fallback-act,0.00021989121545330277,,,,,,,,,,,injection+amplification,True,True,True,True,False,False,True,False,False,False,2.15,False,False,True,False,True,True,False,amplifier,False,inherits-from-upstream
trunk_output.block3.block3-2.f.b.2,ReLU,0.9023278092987208,0.8792823767367874,-0.023045432561933366,0.9744600218186292,0.6412469330642524,0.5085890698595111,1.1174326244683468,1.1285049361517527,18.243617379239144,0.010711341217802262,0.0034722089767456055,0.20198966562747955,N/A,N/A,N/A,N/A,N/A,N/A,False,,True,69,0.05,0.15003334630175139,-0.196782893828102,0.3694692995003076,5,4,mqbench-act,0.4567455119806952,,,,,0.25,0.132202453624629,0.03254631466364516,0.02930956699261075,,0.11047452174137898,dead-channels+zero-inflation,True,True,False,False,False,False,False,False,False,False,,False,False,False,False,False,False,True,propagator,False,stable
trunk_output.block3.block3-2.f.c.0,Conv2d,0.8792823767367874,0.7939221234241527,-0.08536025331263475,0.90292054569611,0.6758658503042139,0.5120150594213922,2.004441916845753,0.9487644823543767,8.77503851988466,6.0619951105442176e-05,0.0,0.2723199129104614,0.20810289680957794,0.9787216186523438,3493.8564601446915,914.2668302157041,14.046310424804688,12.408880233764648,False,,False,70,2.8000000000000003,0.5255645622133661,1.9355232236461823,4.975832845173088e-08,84,28,mqbench-weight+fallback-act,2.1700159908115968e-07,0.3,0.15801102411499945,0.040094993886126584,0.0288084319530458,,,,,0.08187659607707753,,none,False,True,False,False,False,False,False,False,False,False,2.8000000000000003,False,False,False,False,False,False,False,damper,False,stable
trunk_output.block3.block3-2.f.c.1,BatchNorm2d,0.7939221234241527,0.7199369611392944,-0.0739851622848583,0.9068105547106265,0.7563995040922643,1.3604679929426198,2.854110588816887,1.1140553322688407,11.535158775653823,0.0,0.0,0.41244572401046753,N/A,N/A,N/A,N/A,N/A,N/A,False,,False,71,3.15,0.5680669855307778,2.2156129584983106,1.4687573219220711e-08,97,34,fallback-act,6.588425701193291e-08,,,,,,,,,,,none,False,True,False,False,False,False,False,True,False,False,3.15,True,True,False,False,False,True,False,damper,False,mixed
trunk_output.block3.block3-2.activation,ReLU,0.4478204131321498,0.4505964972444212,0.002776084112271371,1.0061991013157592,0.8972131214868065,3.2779796885795336,6.924243772586948,0.9800620579753014,1.9673908863062781,0.061428147919323994,0.0,0.741126537322998,N/A,N/A,N/A,N/A,N/A,N/A,False,,True,72,0.2,0.24496939605285642,-0.20293879958965255,0.20712754690278293,14,10,mqbench-act,0.2827741292498862,,,,,0.2,0.12242341992802454,-0.0013686062924142817,0.05116362432481116,,0.14747162305386746,injection+amplification+zero-inflation,True,True,False,False,True,False,True,False,False,False,,False,False,False,True,True,True,False,amplifier,False,activation-clipping
trunk_output.block3.block3-3.f.a.0,Conv2d,0.4505964972444212,0.525725106327098,0.07512860908267682,1.166731453844223,0.8597133574313486,4.932446849589446,5.584825649703296,0.9626395350768902,0.7905534805508543,5.726370952026644e-06,0.0,1.1636297702789307,0.23520158231258392,0.9728308320045471,797.8469738006617,3426.6981828507846,15.809974670410156,14.372411727905273,False,,False,73,18.05,0.9381038158885678,16.506956535978674,8.406447541828577e-83,389,28,mqbench-weight+fallback-act,1.199829330970079e-81,0.3,0.17311841321042729,0.015245550138745012,0.04155512962182949,,,,,0.1068560475989901,,injection+amplification+conditioning-broken,True,True,True,True,False,True,True,True,False,False,18.05,True,True,False,True,True,True,False,amplifier,False,weight-limited+weight-outlier+ill-conditioned+bias-correctable
trunk_output.block3.block3-3.f.a.1,BatchNorm2d,0.525725106327098,0.8786618229000499,0.3529367165729519,1.6713331973789363,0.6583929308257909,0.589824538111957,1.123564858205205,1.2003787217936643,12.163047121732605,-0.031914726136222704,0.0034722089767456055,0.28991711139678955,N/A,N/A,N/A,N/A,N/A,N/A,False,,False,74,1.35,0.44349418659862205,0.6205169786413636,0.0011672433670236076,53,26,fallback-act,0.003457683181560498,,,,,,,,,,,injection+amplification,True,True,True,True,False,False,True,False,False,False,1.35,False,False,True,False,True,True,False,amplifier,False,inherits-from-upstream
trunk_output.block3.block3-3.f.a.2,ReLU,0.8786618229000499,0.8801801296307301,0.0015183067306802078,1.0017279762146363,0.6565589901757473,0.5918647048154385,1.108568800195275,1.19864379985878,12.163047121732605,0.006206919006209177,0.0034722089767456055,0.2893467843532562,N/A,N/A,N/A,N/A,N/A,N/A,False,,True,75,-0.1,0.1414390416442738,-0.3326465206411241,0.7602224675075755,3,5,mqbench-act,0.7852297855176932,,,,,0.05,0.13231592402986098,-0.1676403275439523,0.3527585827269021,,0.4432095013748257,injection+amplification+dead-channels+zero-inflation,True,True,False,False,False,False,False,False,False,False,,False,False,False,False,False,False,True,amplifier,False,stable
trunk_output.block3.block3-3.f.b.0,Conv2d,0.8801801296307301,0.8900854230182772,0.009905293387547087,1.011253711659797,0.6277692714439681,0.6121011245277733,1.0113662274344772,1.1415062030156382,2.9327768957850564,0.0013123077600180697,0.0,0.34599554538726807,0.18791137635707855,0.9824399352073669,17.103784183584093,15.700098225269643,11.554985046386719,10.077238082885742,False,,False,76,0.35000000000000003,0.357074923861401,-0.2373359836068462,0.16349704728709935,29,22,mqbench-weight+fallback-act,0.2376762631858759,0.15,0.13227811137665477,-0.06757813126418138,0.12840263055093226,,,,,0.2166794390546982,,injection+amplification,True,True,False,False,False,False,False,False,False,False,,False,False,False,False,False,False,True,amplifier,False,stable
trunk_output.block3.block3-3.f.b.1,BatchNorm2d,0.8900854230182772,0.8722956516523088,-0.017789771365968376,0.9800134111783976,0.6678441419377295,0.6175694498075109,1.186725849075985,1.2149304101692673,12.412775915722817,-0.043058901417012074,0.0,0.23820069432258606,N/A,N/A,N/A,N/A,N/A,N/A,False,,False,77,1.7999999999999998,0.49850200814646967,0.9800371638576868,0.00015261643034864128,68,32,fallback-act,0.0005098038205263123,,,,,,,,,,,none,False,True,False,False,False,False,False,False,False,False,1.7999999999999998,False,False,False,False,False,False,False,propagator,False,stable
trunk_output.block3.block3-3.f.b.2,ReLU,0.8722956516523088,0.8743378970748922,0.0020422454225833553,1.0023412307727488,0.6662097805428658,0.6204645801293336,1.1664139451267084,1.2173296900125457,12.412775915722817,-0.0017506778915993282,0.0,0.2378590703010559,N/A,N/A,N/A,N/A,N/A,N/A,False,,True,78,0.15,0.13227811137665477,-0.06757813126418138,0.12840263055093226,5,2,mqbench-act,0.19572051452909092,,,,,0.15,0.13227811137665477,-0.06757813126418138,0.12840263055093226,,0.2516691558798272,injection+amplification,True,True,False,False,False,False,False,False,False,False,,False,False,False,False,False,False,True,amplifier,False,stable
trunk_output.block3.block3-3.f.c.0,Conv2d,0.8743378970748922,0.82875139742448,-0.04558649965041217,0.947861690768612,0.6954296737689345,0.6113610559580277,1.6315145257529682,1.2166571918981197,0.9012264792801816,0.0005250615057220805,0.0,0.31512898206710815,0.20579637587070465,0.9791077971458435,3288.1108964932255,2752.479682142153,16.667510986328125,16.21295166015625,False,,False,79,1.0,0.41783644365567657,0.3127202101804559,0.008349224557922684,45,25,mqbench-weight+fallback-act,0.019276886111674434,0.3,0.15801102411499945,0.040094993886126584,0.0288084319530458,,,,,0.08187659607707753,,none,False,True,False,False,False,False,False,False,False,False,1.0,False,False,False,False,False,False,False,damper,False,stable
trunk_output.block3.block3-3.f.c.1,BatchNorm2d,0.82875139742448,0.8599360451662168,0.031184647741736793,1.0376284707798378,0.6502135475915993,2.0716531109107055,1.3106769347617138,1.0992377897742187,6.668321973091784,0.0,0.0,0.496673583984375,N/A,N/A,N/A,N/A,N/A,N/A,False,,False,80,1.7000000000000002,0.5135044726404151,0.8553603057216104,0.0004655065194728712,70,36,fallback-act,0.0014616904711448155,,,,,,,,,,,injection+amplification,True,True,True,False,False,False,True,False,False,False,1.7000000000000002,False,False,True,False,True,True,False,amplifier,False,inherits-from-upstream
trunk_output.block3.block3-3.activation,ReLU,0.47168840072112056,0.4745599634263714,0.002871562705250852,1.0060878382865908,0.8849676368932736,4.153145684136285,6.474178082442773,0.9635695356092357,1.1789543529100115,0.06433268090764951,0.0,0.8003008961677551,N/A,N/A,N/A,N/A,N/A,N/A,False,,True,81,0.05,0.2500600228095322,-0.36131213547382696,0.4207590633287676,13,12,mqbench-act,0.4929789025568396,,,,,0.25,0.11169148353275138,0.06628385821156327,0.012600471215631159,,0.11047452174137898,injection+amplification+zero-inflation,True,True,False,False,True,False,True,False,False,False,,False,False,False,True,True,True,False,amplifier,False,activation-clipping
trunk_output.block3.block3-4.f.a.0,Conv2d,0.4745599634263714,0.5471676516302582,0.07260768820388674,1.1530000290788371,0.843337990038268,5.814863382283252,5.237591717489325,0.8996834716474134,0.272061900605602,5.01706216340703e-06,0.0,1.1400985717773438,0.21602246165275574,0.9771530032157898,3415.545562786259,2714.4906634853014,14.306940078735352,12.409587860107422,False,,False,82,1.7999999999999998,0.5371445449141836,0.916475847100707,0.00040252402807474855,76,40,mqbench-weight+fallback-act,0.0012897198450558271,0.65,0.19315124566476635,0.33229447301811427,0.0003823876673145965,,,,,0.006882978011662737,,injection+amplification,True,True,True,True,False,False,True,False,False,False,1.7999999999999998,False,False,False,True,True,True,False,amplifier,False,weight-limited+weight-outlier+bias-correctable
trunk_output.block3.block3-4.f.a.1,BatchNorm2d,0.5471676516302582,0.8811764414423938,0.33400878981213566,1.6104322666315771,0.6025619804433904,0.48147406113120705,1.0987424475914944,0.9471788537370066,19.792549489816494,0.006298056535439689,0.0,0.22243812680244446,N/A,N/A,N/A,N/A,N/A,N/A,False,,False,83,1.0999999999999999,0.41771071463461446,0.41292701601676285,0.0042267182474124065,46,24,fallback-act,0.010878602702356521,,,,,,,,,,,injection+amplification,True,True,True,True,False,False,True,False,False,False,1.0999999999999999,False,False,True,False,True,True,False,amplifier,False,inherits-from-upstream
trunk_output.block3.block3-4.f.a.2,ReLU,0.8811764414423938,0.8857263038702292,0.004549862427835394,1.0051633954493697,0.5993156241637579,0.48645897949633954,1.0540091532755789,0.9545173892418388,19.792549489816494,0.04635120140992588,0.0,0.22260159254074097,N/A,N/A,N/A,N/A,N/A,N/A,False,,True,84,0.2,0.12242341992802454,-0.0013686062924142817,0.05116362432481116,5,1,mqbench-act,0.09232975883902704,,,,,0.0,0.10002500937890794,-0.16452649946275175,0.5,,0.5568181818181818,injection+amplification+zero-inflation,True,True,False,False,False,False,False,False,False,False,,False,False,False,False,False,False,True,amplifier,False,stable
trunk_output.block3.block3-4.f.b.0,Conv2d,0.8857263038702292,0.859787743479457,-0.025938560390772247,0.9707149259568872,0.6005518882132896,0.46721119783362564,1.3121750033422985,0.8545857749721458,7.273175855229217,0.006105124544935161,0.0,0.25377190113067627,0.1940251588821411,0.981305718421936,21.57975374084627,17.43618205752177,11.534686088562012,10.51898193359375,False,,False,85,1.0999999999999999,0.484264655047283,0.3034555257410728,0.011558810754691281,58,36,mqbench-weight+fallback-act,0.02485936011625385,0.05,0.15003334630175139,-0.196782893828102,0.3694692995003076,,,,,0.415652961937846,,none,False,True,False,False,False,False,False,False,False,False,1.0999999999999999,False,False,False,False,False,False,False,propagator,False,stable
trunk_output.block3.block3-4.f.b.1,BatchNorm2d,0.859787743479457,0.9594597716682961,0.09967202818883913,1.1159263189603965,0.5599746147931536,0.5557831269002556,0.3594645938433943,1.0712312762380816,25.31219482612473,-0.02191931968913874,0.0,0.19747650623321533,N/A,N/A,N/A,N/A,N/A,N/A,False,,False,86,1.4500000000000002,0.5065343409081555,0.616825152181747,0.0021009713437961414,66,37,fallback-act,0.005997318199563531,,,,,,,,,,,injection+amplification,True,True,True,False,False,False,True,False,False,False,1.4500000000000002,False,False,True,False,True,True,False,amplifier,False,inherits-from-upstream
trunk_output.block3.block3-4.f.b.2,ReLU,0.9594597716682961,0.9581703378077184,-0.0012894338605776712,0.9986560834558643,0.5597169530663825,0.5542902784282658,0.371145555506618,1.066999660546976,25.31219482612473,0.028423248775421572,0.0,0.19749392569065094,N/A,N/A,N/A,N/A,N/A,N/A,False,,True,87,-0.1,0.17323396030369229,-0.38494450791669566,0.7181160652029448,5,7,mqbench-act,0.7516281482457489,,,,,0.05,0.11182576850283939,-0.13393702090853105,0.3273927169594075,,0.4432095013748257,zero-inflation,True,True,False,False,False,False,False,False,False,False,,False,False,False,False,False,False,True,propagator,False,stable
trunk_output.block3.block3-4.f.c.0,Conv2d,0.9581703378077184,0.9146428599513876,-0.04352747785633082,0.9545722966587328,0.587649824667877,0.5078169677803576,0.7749690308046314,1.0315853770170884,1.6489370421315934,0.00015094437026112528,0.0,0.272162526845932,0.20338144898414612,0.9796818494796753,1365.0525291657054,661.6729138273727,12.936400413513184,10.721924781799316,False,,False,88,0.4,0.367406442168443,-0.2043298189660997,0.13814033558557826,31,23,mqbench-weight+fallback-act,0.208538775835921,0.05,0.11182576850283939,-0.13393702090853105,0.3273927169594075,,,,,0.39287126035128905,,none,False,True,False,False,False,False,False,False,False,False,,False,False,False,False,False,False,False,propagator,False,stable
trunk_output.block3.block3-4.f.c.1,BatchNorm2d,0.9146428599513876,0.8763118992782448,-0.03833096067314279,0.9580918822509804,0.5962492903620726,2.2238735882333076,1.146825821235746,0.9059597657831514,8.449944408937364,0.0,0.0,0.46854570508003235,N/A,N/A,N/A,N/A,N/A,N/A,False,,False,89,2.1999999999999997,0.5636833059748331,1.2728234697152991,4.7523341420735575e-05,86,42,fallback-act,0.00016957192279671557,,,,,,,,,,,none,False,True,False,False,False,False,False,False,False,False,2.1999999999999997,False,False,False,False,False,False,False,propagator,False,stable
trunk_output.block3.block3-4.activation,ReLU,0.49200229476100715,0.4952102446541786,0.003207949893171469,1.0065201929489571,0.8750043978246126,4.945837319302721,6.104207588694265,0.9560421921490196,0.8868473854478336,0.060594986896125635,0.0,0.8670173287391663,N/A,N/A,N/A,N/A,N/A,N/A,False,,True,90,0.15,0.2398280816634641,-0.24448208996896278,0.265838525340137,13,10,mqbench-act,0.34780540398667925,,,,,0.3,0.17311841321042729,0.015245550138745012,0.04155512962182949,,0.1454429536764032,injection+amplification+zero-inflation,True,True,False,False,True,False,True,False,False,False,,False,False,False,True,True,True,False,amplifier,False,activation-clipping
trunk_output.block3.block3-5.f.a.0,Conv2d,0.4952102446541786,0.5668534001044835,0.07164315545030486,1.1446721997852358,0.8344147057462619,6.28422702088648,4.930584880618891,0.9447667056182628,0.7198771698838939,1.7473216500141723e-06,0.0,1.095330834388733,0.19329984486103058,0.9816294312477112,70608.7623914337,1864.6166980422583,11.779913902282715,10.519168853759766,False,,False,91,0.8999999999999999,0.4119221284660002,0.22244839297112928,0.014448860544573788,43,25,mqbench-weight+fallback-act,0.03024628140664113,0.6,0.18664784678467275,0.2929916122535483,0.0006531097092416202,,,,,0.007053584859809499,,injection+amplification,True,True,True,False,False,False,True,False,False,False,0.8999999999999999,False,False,False,True,True,True,False,amplifier,False,weight-limited+weight-outlier+bias-correctable
trunk_output.block3.block3-5.f.a.1,BatchNorm2d,0.5668534001044835,0.9058653729918369,0.3390119728873534,1.598059344488127,0.5643200115868495,0.39262980939039027,0.8587268215453652,0.8803979921720759,13.296885804079032,0.013180721914416882,0.0,0.17077285051345825,N/A,N/A,N/A,N/A,N/A,N/A,False,,False,92,0.75,0.3705231351708669,0.14054367724476902,0.02147658344655029,35,20,fallback-act,0.042681311406435385,,,,,,,,,,,injection+amplification,True,True,True,True,False,False,True,False,False,False,0.75,False,False,True,False,True,True,False,amplifier,False,inherits-from-upstream
trunk_output.block3.block3-5.f.a.2,ReLU,0.9058653729918369,0.9096329089581685,0.0037675359663316144,1.0041590462321,0.5614770750271539,0.39590253202823283,0.8226767201355135,0.8864122327198087,13.296885804079032,0.04957047719804075,0.0,0.17093855142593384,N/A,N/A,N/A,N/A,N/A,N/A,False,,True,93,-0.15,0.16583878090068474,-0.42278052025370183,0.8171329514694395,4,7,mqbench-act,0.8330511258487143,,,,,0.2,0.1413859787867904,-0.0325592400075361,0.07859768263876454,,0.18339459282378393,injection+amplification+zero-inflation,True,True,False,False,False,False,False,False,False,False,,False,False,False,False,False,False,True,amplifier,False,stable
trunk_output.block3.block3-5.f.b.0,Conv2d,0.9096329089581685,0.9146673781147622,0.005034469156593668,1.0055346163348025,0.5613056926803297,0.3256729000550008,0.7747361976232702,0.9082161280830638,3.5304666249831884,0.010702466207837302,0.0,0.191476508975029,0.20439809560775757,0.979251503944397,23.882658416110804,16.762015867966785,11.921571731567383,11.786620140075684,False,,False,94,0.25,0.3571169503931857,-0.3374051111000804,0.24194779596509203,28,23,mqbench-weight+fallback-act,0.3219135929366055,0.05,0.13231592402986098,-0.1676403275439523,0.3527585827269021,,,,,0.40529709504793004,,injection+amplification,True,True,False,False,False,False,False,False,False,False,,False,False,False,False,False,False,True,amplifier,False,stable
trunk_output.block3.block3-5.f.b.1,BatchNorm2d,0.9146673781147622,0.7550757292830529,-0.1595916488317093,0.8255194700825053,0.7093412640354877,0.5678643207160794,2.440189784358639,0.9614311391181394,11.405485005415015,-0.0021046229771205516,0.0034722089767456055,0.17766083776950836,N/A,N/A,N/A,N/A,N/A,N/A,False,,False,95,0.4,0.3741523686915516,-0.21542588067478308,0.14251609750309538,32,24,fallback-act,0.213095498171295,,,,,,,,,,,none,False,True,False,False,False,False,False,False,False,False,,False,False,False,False,False,False,False,damper,False,stable
trunk_output.block3.block3-5.f.b.2,ReLU,0.7550757292830529,0.7572398970388341,0.00216416775578121,1.0028661598722504,0.70776264949036,0.5711241655068603,2.4153302447368588,0.9645919076336006,11.405485005415015,0.04438084539642673,0.0034722089767456055,0.17781473696231842,N/A,N/A,N/A,N/A,N/A,N/A,False,,True,96,0.2,0.14138597878679035,-0.03255924000753602,0.07859768263876446,6,2,mqbench-act,0.13412865406832644,,,,,0.25,0.132202453624629,0.03254631466364516,0.02930956699261075,,0.11047452174137898,injection+amplification+dead-channels+zero-inflation,True,True,False,False,False,False,False,False,False,False,,False,False,False,False,False,False,True,amplifier,False,stable
trunk_output.block3.block3-5.f.c.0,Conv2d,0.7572398970388341,0.702353708970031,-0.05488618806880308,0.9275180979192539,0.7504643450963611,0.5255546850952703,3.06888239652006,0.9768835423939423,1.062355469018354,2.4376002028415533e-05,0.0,0.24953995645046234,0.18836750090122223,0.9825401306152344,16563.426300996143,1599.807083051879,12.782028198242188,11.380126953125,False,,False,97,0.1,0.33173788600717014,-0.4456602649961079,0.381538427543218,23,21,mqbench-weight+fallback-act,0.4643529699556994,0.2,0.1413859787867904,-0.0325592400075361,0.07859768263876454,,,,,0.1515812450890459,,none,False,True,False,False,False,False,False,False,False,False,,False,False,False,False,False,False,False,damper,False,stable
trunk_output.block3.block3-5.f.c.1,BatchNorm2d,0.702353708970031,0.8135441776024553,0.11119046863242432,1.1583112144384913,0.6413749618471799,2.7034024954382794,1.7923771749350004,0.8339561083965266,9.835824582694956,0.0,0.0,0.4561454951763153,N/A,N/A,N/A,N/A,N/A,N/A,False,,False,98,1.7500000000000002,0.5487433914452431,0.8473974423156406,0.0007135714692851447,78,43,fallback-act,0.0021544369361109175,,,,,,,,,,,injection+amplification,True,True,True,True,False,False,True,False,False,False,1.7500000000000002,False,False,True,False,True,True,False,amplifier,False,inherits-from-upstream
trunk_output.block3.block3-5.activation,ReLU,0.5066916904977655,0.5101873146644905,0.0034956241667249977,1.0068989174921952,0.866422580011069,5.542247365661759,5.845406878448625,0.9344876017486645,0.9838058675707986,0.052902446582474116,0.0,0.8839555978775024,N/A,N/A,N/A,N/A,N/A,N/A,False,,True,99,0.25,0.23978636064083103,-0.14441346499356467,0.14856801159910257,14,9,mqbench-act,0.2200488473684821,,,,,0.05,0.13231592402986098,-0.1676403275439523,0.3527585827269021,,0.4432095013748257,injection+amplification+zero-inflation,True,True,False,False,True,False,True,False,False,False,,False,False,False,True,True,True,False,amplifier,False,activation-clipping
trunk_output.block3.block3-6.f.a.0,Conv2d,0.5101873146644905,0.5523987054750574,0.04221139081056691,1.0827370449975338,0.8415475508489656,7.610243020955127,5.154946956889778,0.919635682610168,0.3804557929960417,2.932386333439626e-05,0.0,1.1606106758117676,0.18299318850040436,0.9835569858551025,2215.0559308839206,1449.3985215865844,13.36425495147705,11.496678352355957,False,,False,100,-0.05,0.4388565227084609,-0.7718547430883231,0.545354330223694,38,39,mqbench-weight+fallback-act,0.602962182007887,-0.1,0.17323396030369229,-0.38494450791669566,0.7181160652029448,,,,,0.7457359138645965,,injection+amplification,True,True,True,False,False,False,True,False,False,False,,False,False,False,True,True,True,False,amplifier,False,weight-outlier+bias-correctable
trunk_output.block3.block3-6.f.a.1,BatchNorm2d,0.5523987054750574,0.9046019869033962,0.3522032814283388,1.6375888971815158,0.5604061844521369,0.47060358821669945,0.8708492537512977,0.8473769991026121,12.12261555201545,0.003154469185135067,0.0034722089767456055,0.1998683512210846,N/A,N/A,N/A,N/A,N/A,N/A,False,,False,101,0.5,0.39994371790133715,-0.15784887496647082,0.10561764807258371,37,27,fallback-act,0.1674946540140974,,,,,,,,,,,injection+amplification,True,True,True,True,False,False,True,False,False,False,,False,False,True,False,True,True,False,amplifier,False,inherits-from-upstream
trunk_output.block3.block3-6.f.a.2,ReLU,0.9046019869033962,0.9080702090499977,0.003468222146601474,1.0038339758223103,0.5578565776596393,0.47421907135148167,0.8376114387365584,0.8538318309940461,12.12261555201545,0.040798991715827015,0.0034722089767456055,0.19993573427200317,N/A,N/A,N/A,N/A,N/A,N/A,False,,True,102,0.05,0.13231592402986098,-0.1676403275439523,0.3527585827269021,4,3,mqbench-act,0.443064779904989,,,,,0.1,0.12248469802642821,-0.10146939979482628,0.20712754690278293,,0.30755302418898073,injection+amplification+dead-channels+zero-inflation,True,True,False,False,False,False,False,False,False,False,,False,False,False,False,False,False,True,amplifier,False,stable
trunk_output.block3.block3-6.f.b.0,Conv2d,0.9080702090499977,0.925010239605802,0.016940030555804286,1.018654978862842,0.551425282590674,0.47468419193951183,0.6770691943072825,0.9061372378326316,4.6187151309742935,0.002640047311242205,0.0,0.26738592982292175,0.20476466417312622,0.9792183041572571,36.24800904663203,22.72777807764147,11.648812294006348,10.323290824890137,False,,False,103,0.75,0.3496854156881189,0.1748186757133644,0.015985024453119653,32,17,mqbench-weight+fallback-act,0.03298485154655365,0.15,0.11178102477052791,-0.0338634240181552,0.08981269819543625,,,,,0.16723743801908816,,injection+amplification,True,True,True,False,False,False,True,False,False,False,0.75,False,False,False,True,True,True,False,amplifier,False,weight-limited+weight-outlier
trunk_output.block3.block3-6.f.b.1,BatchNorm2d,0.925010239605802,0.9334428870197106,0.00843264741390859,1.0091162746668645,0.555739297407224,0.5941611525693448,0.5982449867776467,0.9577956541239165,26.56845050676608,0.007289670221929945,0.0034722089767456055,0.21302512288093567,N/A,N/A,N/A,N/A,N/A,N/A,False,,False,104,1.35,0.5115853885764354,0.508516918104672,0.00415931950432622,66,39,fallback-act,0.010878602702356521,,,,,,,,,,,injection+amplification,True,True,False,False,False,False,False,False,False,False,1.35,False,False,False,False,False,False,True,amplifier,False,stable
trunk_output.block3.block3-6.f.b.2,ReLU,0.9334428870197106,0.9388712352773673,0.005428348257656701,1.005815404812809,0.5521275903914135,0.6010918217181078,0.5478793291851776,0.9685991090515432,26.56845050676608,0.05205587789314947,0.006944417953491211,0.2138877511024475,N/A,N/A,N/A,N/A,N/A,N/A,False,,True,105,-0.15,0.15,-0.3967280440427208,0.8413447460685429,3,6,mqbench-act,0.8467379816202644,,,,,0.0,0.12250511724771311,-0.20150298642501627,0.5,,0.5568181818181818,injection+amplification+dead-channels+zero-inflation,True,True,False,False,True,False,True,False,False,False,,False,False,False,True,True,True,False,amplifier,False,dead-channels+activation-clipping
trunk_output.block3.block3-6.f.c.0,Conv2d,0.9388712352773673,0.9085850126338378,-0.030286222643529426,0.9677418782197731,0.6060789021590093,0.5631075943408369,0.8326886254466868,1.0944744811921898,1.752985418732215,0.0004941287224525226,0.0,0.26548781991004944,0.17528146505355835,0.9848607182502747,46613.832288404825,2888.138041219486,11.855605125427246,10.859797477722168,False,,False,106,0.15,0.34285204354339355,-0.4139414273300749,0.33087202903427093,25,22,mqbench-weight+fallback-act,0.4223325899055328,0.2,0.15809015228066564,-0.0600351603641634,0.10291757328112552,,,,,0.18525163190602592,,none,False,True,False,False,False,False,False,False,False,False,,False,False,False,False,False,False,False,propagator,False,stable
trunk_output.block3.block3-6.f.c.1,BatchNorm2d,0.9085850126338378,0.7939120817963051,-0.11467293083753272,0.8737895417126518,0.6779126895444724,3.16714356437562,2.0045517777757977,0.9529681457295203,6.60303029610262,0.0,0.0,0.519123375415802,N/A,N/A,N/A,N/A,N/A,N/A,False,,False,107,2.6,0.576008587563131,1.6525501855915894,3.1834891542769378e-06,93,41,fallback-act,1.2495194930536981e-05,,,,,,,,,,,none,False,True,False,False,False,False,False,False,False,False,2.6,False,False,False,False,False,False,False,damper,False,stable
trunk_output.block3.block3-6.activation,ReLU,0.5020316659101608,0.5054242463120132,0.0033925804018524186,1.0067577020180627,0.8685418016708046,5.526972002993906,5.926878557109765,0.9367857530894836,1.050802973238266,0.06119141178606857,0.0,0.8494133353233337,N/A,N/A,N/A,N/A,N/A,N/A,False,,True,108,0.3,0.26455622275330953,-0.13515626252836277,0.12840263055093226,17,11,mqbench-act,0.19572051452909092,,,,,0.1,0.14143904164427382,-0.1326465206411241,0.23977753249242448,,0.3356885454893943,injection+amplification+zero-inflation,True,True,False,False,True,False,True,False,False,False,,False,False,False,True,True,True,False,amplifier,False,activation-clipping
trunk_output.block4.block4-0.proj.0,Conv2d,0.5054242463120132,0.5648241258011019,0.05939987948908865,1.117524792137533,0.8348013581253576,2.490380230635781,4.961735223596885,0.9243397007205926,0.8990632821302613,5.990817085762876e-06,0.0,0.7168352007865906,0.16736119985580444,0.9861689209938049,13.928661943194419,13.871378338486807,13.996896743774414,12.383482933044434,False,,False,109,0.25,0.48227071497371743,-0.5432647346969988,0.30209621652379515,49,44,mqbench-weight+fallback-act,0.388763163887179,0.3,0.14129749640827197,0.06758630055369122,0.01686939108409901,,,,,0.05847472137426079,,injection+amplification,True,True,True,False,False,False,True,False,False,False,,False,False,False,True,True,True,False,amplifier,False,weight-outlier+bias-correctable
trunk_output.block4.block4-0.proj.1,BatchNorm2d,0.5648241258011019,0.7678250288450689,0.203000903043967,1.3594055100887317,0.7026607594578277,1.3163858530472736,2.294754705217898,0.9946788268536524,1.9444960569279441,0.0,0.0,0.49797680974006653,N/A,N/A,N/A,N/A,N/A,N/A,False,,False,110,1.3,0.47356850989775845,0.5210491188846679,0.003024485217562054,58,32,fallback-act,0.008186968606159353,,,,,,,,,,,injection+amplification,True,True,True,True,False,False,True,False,False,False,1.3,False,False,True,False,True,True,False,amplifier,False,inherits-from-upstream
trunk_output.block4.block4-0.f.a.0,Conv2d,0.5054242463120132,0.56348713449447,0.05806288818245675,1.114879506881854,0.8310292223937851,10.062293880303237,4.98231990582134,0.8563510916578129,0.07708815152062387,6.598796047436832e-06,0.0,1.2611497640609741,0.18066710233688354,0.9839252233505249,17.31315803526973,15.437151266328174,14.113871574401855,12.231369018554688,False,,False,111,4.25,0.7474945645702255,3.0204808543401533,6.515418138156171e-09,156,71,mqbench-weight+fallback-act,3.0997595384561174e-08,0.65,0.24963956007607743,0.23937946417829414,0.004610445879521076,,,,,0.027662675277126455,,injection+amplification,True,True,True,False,False,False,True,True,False,False,4.25,True,True,False,True,True,True,False,amplifier,False,weight-outlier+bias-correctable
trunk_output.block4.block4-0.f.a.1,BatchNorm2d,0.56348713449447,1.0151302978483798,0.45164316335390986,1.8015145967069852,0.3245700684824955,0.2659895352881666,-0.1304358007427538,0.4829858138504507,59.32639689526473,0.019730326038060353,0.0,0.09490780532360077,N/A,N/A,N/A,N/A,N/A,N/A,False,,False,112,0.8500000000000001,0.4972548453163582,0.032088564162194966,0.04368982391365166,58,41,fallback-act,0.08264219704148566,,,,,,,,,,,injection+amplification,True,True,True,True,False,False,True,False,False,False,,False,False,True,False,True,True,False,amplifier,False,inherits-from-upstream
trunk_output.block4.block4-0.f.a.2,ReLU,1.0151302978483798,1.0193380452402032,0.004207747391823391,1.0041450318257095,0.3208638347290915,0.26819917550934996,-0.16636467789320625,0.4903362421915723,59.32639689526473,0.040652009094653496,0.0,0.09511848539113998,N/A,N/A,N/A,N/A,N/A,N/A,False,,True,113,0.2,0.15809015228066564,-0.0600351603641634,0.10291757328112552,7,3,mqbench-act,0.16487815311363987,,,,,-0.05,0.08661698015184618,-0.19247225395834788,0.7181160652029447,,0.7819486043320953,injection+amplification+zero-inflation,True,True,False,False,False,False,False,False,False,False,,False,False,False,False,False,False,True,amplifier,False,stable
trunk_output.block4.block4-0.f.b.0,Conv2d,1.0193380452402032,1.056982553004506,0.03764450776430284,1.0369303470424593,0.35069230765344356,0.2265250916847103,-0.4813563744095626,0.7128452892644118,15.634921084798005,0.16785397543504008,0.0,0.14251206815242767,0.1902739256620407,0.981875479221344,37.67675962102779,24.408912395084215,8.098794937133789,7.47730016708374,False,,False,114,0.65,0.4498777000168892,-0.0899829665573666,0.07425182106342679,47,34,mqbench-weight+fallback-act,0.12979063000048427,0.05,0.11182576850283939,-0.13393702090853105,0.3273927169594075,,,,,0.39287126035128905,,injection+amplification,True,True,True,False,True,False,True,False,False,False,,False,False,False,True,True,True,False,amplifier,False,weight-limited+activation-outlier
trunk_output.block4.block4-0.f.b.1,BatchNorm2d,1.056982553004506,0.7449213859118982,-0.3120611670926079,0.7047622345273683,0.6977949101638181,1.5754734554605883,2.5577911481520514,0.8029220817275297,8.3355811004304,-0.03527301161815172,0.0014880895614624023,0.3670075833797455,N/A,N/A,N/A,N/A,N/A,N/A,False,,False,115,1.7999999999999998,0.5463783164001992,0.9012876445814931,0.0004931239553460886,78,42,fallback-act,0.0015180482546928611,,,,,,,,,,,none,False,True,False,False,False,False,False,False,False,False,1.7999999999999998,False,False,False,False,False,False,False,damper,False,stable
trunk_output.block4.block4-0.f.b.2,ReLU,0.7449213859118982,0.7473322944317234,0.0024109085198252833,1.0032364603371857,0.6951892805577179,1.5856878727355899,2.529725003867596,0.8122790634294215,8.3355811004304,0.15469048947704084,0.0014880895614624023,0.3786769211292267,N/A,N/A,N/A,N/A,N/A,N/A,False,,True,116,-0.05,0.2291833600117014,-0.426973080952172,0.5863500836989304,10,11,mqbench-act,0.6437549869981264,,,,,0.15,0.15,-0.09672804404272081,0.15865525393145707,,0.26807267043591027,injection+amplification+dead-channels+zero-inflation,True,True,False,False,True,False,True,False,False,False,,False,False,False,True,True,True,False,amplifier,False,dead-channels+activation-clipping
trunk_output.block4.block4-0.f.c.0,Conv2d,0.7473322944317234,0.7383282681817246,-0.009004026249998853,0.9879517768506906,0.7016712077184575,3.476663780397762,2.6350100707944843,0.7940500646431824,0.9712014438314145,1.9277381711613217e-05,0.0,0.7090129256248474,0.19717031717300415,0.9809666275978088,5006.139593379346,1983.676636386268,23.41651153564453,23.483713150024414,False,,False,117,1.25,0.5261721948082154,0.38452375696869023,0.00875907924534401,68,43,mqbench-weight+fallback-act,0.019645363450271566,-0.2,0.18707618434577572,-0.5077129403373914,0.8574839024969048,,,,,0.8736628440534502,,none,False,True,False,False,False,False,False,False,False,False,1.25,False,False,False,False,False,False,False,propagator,False,stable
trunk_output.block4.block4-0.f.c.1,BatchNorm2d,0.7383282681817246,1.0394048350380902,0.30107656685636563,1.4077814433379676,0.37341767271175075,9.76837881846377,-0.33569465430634304,0.7168559969479823,2.9592339571552806,0.0,0.0,1.1366477012634277,N/A,N/A,N/A,N/A,N/A,N/A,False,,False,118,2.4,0.5720870928634122,1.4590004703714927,1.3633624553002312e-05,90,42,fallback-act,4.9778582670264255e-05,,,,,,,,,,,injection+amplification,True,True,True,True,False,False,True,False,False,False,2.4,False,False,True,False,True,True,False,amplifier,False,inherits-from-upstream
trunk_output.block4.block4-0.activation,ReLU,0.8571618098986505,0.8619374907572249,0.004775680858574383,1.0055715044737459,0.6016609928162807,3.4124999644109875,1.2904845768600584,0.8333665160193314,10.51938536768338,0.03996832933787353,0.0,0.5975726842880249,N/A,N/A,N/A,N/A,N/A,N/A,False,,True,119,0.05,0.3042121340631495,-0.45038443207641893,0.43472427169510125,19,18,mqbench-act,0.5018508136480213,,,,,0.0,0.12250511724771311,-0.20150298642501627,0.5,,0.5568181818181818,injection+amplification+zero-inflation,True,True,False,False,False,False,False,False,False,False,,False,False,False,False,False,False,True,amplifier,False,stable
trunk_output.block4.block4-1.f.a.0,Conv2d,0.8619374907572249,0.8130378275076424,-0.0488996632495825,0.9432677383523214,0.6482133573572986,5.884968660315689,1.797784957844216,0.8198429714838373,1.804826690499529,1.0973278820456753e-05,0.0,1.011527419090271,0.19961032271385193,0.9805241823196411,3928.561748663525,12810.708921948195,21.72812271118164,20.833980560302734,False,,False,120,1.55,0.5843539036768483,0.588823362113885,0.003994880667061948,84,53,mqbench-weight+fallback-act,0.01063044516489366,0.05,0.11182576850283939,-0.13393702090853105,0.3273927169594075,,,,,0.39287126035128905,,conditioning-broken,True,True,False,False,False,True,True,False,False,False,1.55,False,False,False,True,True,True,False,damper,False,weight-limited+weight-outlier+ill-conditioned+bias-correctable
trunk_output.block4.block4-1.f.a.1,BatchNorm2d,0.8130378275076424,0.8405493857928987,0.02751155828525631,1.0338379806627112,0.5940409810923238,0.4049632106740227,1.5087352971434163,0.7144923140014763,8.905333011147395,0.03738771073440539,0.0,0.2208978831768036,N/A,N/A,N/A,N/A,N/A,N/A,False,,False,121,1.4500000000000002,0.5801870892473088,0.49567716194114686,0.006223810172654872,82,53,fallback-act,0.015032895340104845,,,,,,,,,,,injection+amplification,True,True,True,False,False,False,True,False,False,False,1.4500000000000002,False,False,True,False,True,True,False,amplifier,False,inherits-from-upstream
trunk_output.block4.block4-1.f.a.2,ReLU,0.8405493857928987,0.8446083510826354,0.0040589652897367046,1.0048289432582331,0.5908070911729418,0.4088837426188388,1.4668925758832152,0.7229584704203476,8.905333011147395,0.08572785105950864,0.0,0.22138187289237976,N/A,N/A,N/A,N/A,N/A,N/A,False,,True,122,0.4,0.18691567278954213,0.09255107767804704,0.016177283879519944,11,3,mqbench-act,0.03298485154655365,,,,,0.15,0.1117810247705279,-0.033863424018155175,0.08981269819543619,,0.1913400961554945,injection+amplification+zero-inflation,True,True,False,False,True,False,True,False,False,False,0.4,False,False,False,True,True,True,False,amplifier,False,activation-clipping
trunk_output.block4.block4-1.f.b.0,Conv2d,0.8446083510826354,0.874145806100894,0.02953745501825855,1.0349717771324387,0.5564571643033512,0.27974072559234353,1.1683224341841685,0.6913189145837929,3.87424559014799,0.0009953060465257531,0.0,0.1832336187362671,0.19649165868759155,0.9808605909347534,17.858434006260225,12.280380935150466,10.341444969177246,9.17126178741455,False,,False,123,1.4500000000000002,0.501572065877511,0.6249873682638334,0.001920636902100752,65,36,mqbench-weight+fallback-act,0.005584073956107743,0.25,0.11169148353275138,0.06628385821156327,0.012600471215631159,,,,,0.05847472137426079,,injection+amplification,True,True,True,False,False,False,True,False,False,False,1.4500000000000002,False,False,False,True,True,True,False,amplifier,False,weight-limited
trunk_output.block4.block4-1.f.b.1,BatchNorm2d,0.874145806100894,0.9712990034169603,0.09715319731606631,1.111140723478862,0.4762639115147357,0.42135737820431607,0.2529411372729453,0.7935396507871078,33.07229374374527,0.001766816520134884,0.0014880895614624023,0.16072213649749756,N/A,N/A,N/A,N/A,N/A,N/A,False,,False,124,0.8999999999999999,0.5288996761520249,0.030037449387882664,0.044410877681944745,65,47,fallback-act,0.08300604519125387,,,,,,,,,,,injection+amplification,True,True,True,False,False,False,True,False,False,False,,False,False,True,False,True,True,False,amplifier,False,inherits-from-upstream
trunk_output.block4.block4-1.f.b.2,ReLU,0.9712990034169603,0.9701268596272151,-0.0011721437897451725,0.9987932204340562,0.4758018784396305,0.4203410208862423,0.2634294211971906,0.7883967375440724,33.07229374374527,0.054462280866587665,0.0014880895614624023,0.16123779118061066,N/A,N/A,N/A,N/A,N/A,N/A,False,,True,125,0.15,0.1936685409452861,-0.16855640200025354,0.21931191446043014,9,6,mqbench-act,0.2968273325024787,,,,,0.15,0.1117810247705279,-0.033863424018155175,0.08981269819543619,,0.1913400961554945,dead-channels+zero-inflation,True,True,False,False,True,False,True,False,False,False,,False,False,False,True,True,True,False,propagator,False,dead-channels+activation-clipping+signal-collapse
trunk_output.block4.block4-1.f.c.0,Conv2d,0.9701268596272151,0.9758184226953418,0.0056915630681266816,1.0058668235103951,0.4540306730068432,0.558043688448803,0.2126197400642474,0.723180090454757,3.8784268929494665,0.00011723613831693392,0.0,0.26089420914649963,0.19458305835723877,0.9814256429672241,10978.85317768841,26766.573789884802,18.089780807495117,15.141162872314453,False,,False,126,1.15,0.44937703530546597,0.41084055360910443,0.005247203341470169,52,29,mqbench-weight+fallback-act,0.013076363882711373,0.3,0.1580110241149994,0.040094993886126695,0.02880843195304574,,,,,0.08187659607707753,,injection+amplification+conditioning-broken,True,True,False,False,False,True,True,False,False,False,1.15,False,False,False,True,True,True,False,amplifier,False,weight-limited+weight-outlier+ill-conditioned
trunk_output.block4.block4-1.f.c.1,BatchNorm2d,0.9758184226953418,0.8348312860218343,-0.14098713667350748,0.8555190869587377,0.6000661403842438,4.462931730309311,1.5680256748331234,0.7269435877000325,2.793842383867025,0.0,0.0,0.703326404094696,N/A,N/A,N/A,N/A,N/A,N/A,False,,False,127,0.6,0.4357923329737908,-0.11681459948958339,0.08428664946165296,44,32,fallback-act,0.14229036522020985,,,,,,,,,,,none,False,True,False,False,False,False,False,False,False,False,,False,False,False,False,False,False,False,damper,False,stable
trunk_output.block4.block4-1.activation,ReLU,0.8196285616204331,0.8248086954410702,0.0051801338206370895,1.0063200992049324,0.6431052875196133,3.380015618831238,1.6729353841181398,0.8762925644400045,11.11520523106748,0.04776454736470481,0.0,0.56037837266922,N/A,N/A,N/A,N/A,N/A,N/A,False,,True,128,0.35000000000000003,0.364012365863099,-0.24874706024510457,0.16814895603501284,30,23,mqbench-act,0.2399944190681547,,,,,0.1,0.1,-0.06448536269514724,0.15865525393145707,,0.26807267043591027,injection+amplification+zero-inflation,True,True,False,False,False,False,False,False,False,False,,False,False,False,False,False,False,True,amplifier,False,stable
trunk_output.block4.block4-2.f.a.0,Conv2d,0.8248086954410702,0.7295762001537328,-0.09523249528733735,0.8845398989926854,0.7190371181020987,6.071107350934235,2.7385868354374376,0.8755248544127245,0.830862855124614,2.313285805393586e-06,0.0,0.9661195874214172,0.2019508332014084,0.9800308346748352,10633.877858069352,7739.747816533657,19.496957778930664,18.309988021850586,False,,False,129,0.95,0.4606026784699659,0.19237601373511382,0.01957935860368635,52,33,mqbench-weight+fallback-act,0.039409734625368675,0.4,0.18691567278954213,0.09255107767804704,0.016177283879519944,,,,,0.05847472137426079,,none,False,True,False,False,False,False,False,False,False,False,0.95,False,False,False,False,False,False,False,damper,False,stable
trunk_output.block4.block4-2.f.a.1,BatchNorm2d,0.7295762001537328,0.927966377594796,0.19839017744106324,1.2719252319350047,0.4981566424668864,0.355390756308627,0.6493551801395265,0.6801245915907426,13.378266507284838,0.004327445961643583,0.0,0.16852906346321106,N/A,N/A,N/A,N/A,N/A,N/A,False,,False,130,0.35000000000000003,0.364012365863099,-0.24874706024510457,0.16814895603501284,30,23,fallback-act,0.2399944190681547,,,,,,,,,,,injection+amplification,True,True,True,True,False,False,True,False,False,False,,False,False,True,False,True,True,False,amplifier,False,inherits-from-upstream
trunk_output.block4.block4-2.f.a.2,ReLU,0.927966377594796,0.9319028531959893,0.003936475601193257,1.0042420455053513,0.49508654423860127,0.35841231906842674,0.6125871718027411,0.6881988253337676,13.378266507284838,0.0456034935598123,0.0,0.16882215440273285,N/A,N/A,N/A,N/A,N/A,N/A,False,,True,131,0.05,0.20620380696049842,-0.2891750797701771,0.40420468803100584,9,8,mqbench-act,0.48027061963142537,,,,,0.2,0.09992493430694925,0.03563810938232695,0.02266913545373544,,0.11047452174137898,injection+amplification+zero-inflation,True,True,False,False,False,False,False,False,False,False,,False,False,False,False,False,False,True,amplifier,False,stable
trunk_output.block4.block4-2.f.b.0,Conv2d,0.9319028531959893,0.891610244330573,-0.0402926088654163,0.9567630802639657,0.5356567751276505,0.23363258817800628,0.996499005032063,0.6741941541771169,12.320675905551244,0.004943135876002187,0.0,0.16628322005271912,0.18619748950004578,0.9828148484230042,15.934926008813033,12.034766583975161,10.257637023925781,8.835860252380371,False,,False,132,1.15,0.4816167847611645,0.357810884784892,0.008474999690110242,58,35,mqbench-weight+fallback-act,0.019283694947062436,0.1,0.1,-0.06448536269514724,0.15865525393145707,,,,,0.2447823917799624,,none,False,True,False,False,False,False,False,False,False,False,1.15,False,False,False,False,False,False,False,propagator,False,stable
trunk_output.block4.block4-2.f.b.1,BatchNorm2d,0.891610244330573,0.9366299935672917,0.0450197492367187,1.05049263343819,0.5119609025792593,0.47341139694228696,0.5686387796331307,0.7812395438374422,31.923251471767763,0.007504655042820718,0.0,0.1582944691181183,N/A,N/A,N/A,N/A,N/A,N/A,False,,False,133,1.25,0.45477704546353287,0.5019583273150334,0.0029925225138596584,54,29,fallback-act,0.008186968606159353,,,,,,,,,,,injection+amplification,True,True,True,False,False,False,True,False,False,False,1.25,False,False,True,False,True,True,False,amplifier,False,inherits-from-upstream
trunk_output.block4.block4-2.f.b.2,ReLU,0.9366299935672917,0.9400261681604856,0.003396174593193857,1.0036259511402779,0.5093044927574528,0.4768507543180149,0.5372011295056933,0.7875471309197586,31.923251471767763,0.04861230729736099,0.0014880895614624023,0.15873129665851593,N/A,N/A,N/A,N/A,N/A,N/A,False,,True,134,-0.1,0.20003751524089644,-0.42903243247034895,0.6914294471537858,7,9,mqbench-act,0.7334758324536782,,,,,0.1,0.0706929893933952,-0.01627962000376805,0.07859768263876454,,0.18339459282378393,injection+amplification+dead-channels+zero-inflation,True,True,False,False,False,False,False,False,False,False,,False,False,False,False,False,False,True,amplifier,False,stable
trunk_output.block4.block4-2.f.c.0,Conv2d,0.9400261681604856,0.8038435356878161,-0.13618263247266948,0.8551288920614178,0.6249924987150585,0.6314299113548879,1.8965695275233505,0.6996235642109051,2.726367717908918,0.0001305523604531098,0.0,0.2548036575317383,0.20392762124538422,0.9796792268753052,877872.3290785532,7006.848445662343,15.679017066955566,12.911947250366211,False,,False,135,0.0,0.3873951955287512,-0.6372083924290411,0.5,30,30,mqbench-weight+fallback-act,0.5607142857142857,0.1,0.12248469802642821,-0.10146939979482628,0.20712754690278293,,,,,0.31069132035417435,,none,False,True,False,False,False,False,False,False,False,False,,False,False,False,False,False,False,False,damper,False,stable
trunk_output.block4.block4-2.f.c.1,BatchNorm2d,0.8038435356878161,0.7246802391072538,-0.07916329658056231,0.9015190232103745,0.6989693636512256,5.8910613806069305,2.797071620983285,0.6297784285329623,3.009085378985522,0.0,0.0,0.7375892996788025,N/A,N/A,N/A,N/A,N/A,N/A,False,,False,136,1.15,0.40856114732748733,0.4779767149869276,0.002440712954604382,45,22,fallback-act,0.0068427131048729994,,,,,,,,,,,none,False,True,False,False,False,False,False,False,False,False,1.15,False,False,False,False,False,False,False,damper,False,stable
trunk_output.block4.block4-2.activation,ReLU,0.8833933722779348,0.8899301885464708,0.006536816268535972,1.0073996664155178,0.5647085901525198,2.8757049441916833,1.0128812135781853,0.791120125358199,22.76815255344166,0.048307161173621216,0.0,0.4372875988483429,N/A,N/A,N/A,N/A,N/A,N/A,False,,True,137,-0.3,0.32404861325405465,-0.8330125368195267,0.8227216629928621,18,24,mqbench-act,0.8333374263863184,,,,,0.0,0.0,0.0,1.0,,1.0,injection+amplification+zero-inflation,True,True,False,False,False,False,False,False,False,False,,False,False,False,False,False,False,True,amplifier,False,stable
trunk_output.block4.block4-3.f.a.0,Conv2d,0.8899301885464708,0.6579468431719927,-0.23198334537447807,0.7393241083849755,0.7600356533941122,4.875989433859481,3.6361838495939702,0.7370434213307203,1.9820783554673511,1.4413550018221575e-05,0.0,0.7922231554985046,0.22019727528095245,0.97634357213974,13762.22855197613,4945.528516622797,18.98418426513672,18.290571212768555,False,,False,138,1.0,0.40568743035195554,0.3327035587769632,0.006851582381647371,43,23,mqbench-weight+fallback-act,0.016298461119979353,0.2,0.1413859787867904,-0.0325592400075361,0.07859768263876454,,,,,0.1515812450890459,,none,False,True,False,False,False,False,False,False,False,False,1.0,False,False,False,False,False,False,False,damper,False,stable
trunk_output.block4.block4-3.f.a.1,BatchNorm2d,0.6579468431719927,0.8861416438636112,0.22819480069161846,1.3468286276615913,0.5294015225519971,0.27256470171425157,1.04993706944396,0.5992471606891372,25.92012479551103,-0.025833530259201876,0.0014880895614624023,0.1242043524980545,N/A,N/A,N/A,N/A,N/A,N/A,False,,False,139,0.1,0.41842865732480045,-0.5882538946211328,0.4055569138428398,36,34,fallback-act,0.48027061963142537,,,,,,,,,,,injection+amplification,True,True,True,True,False,False,True,False,False,False,,False,False,True,False,True,True,False,amplifier,False,inherits-from-upstream
trunk_output.block4.block4-3.f.a.2,ReLU,0.8861416438636112,0.8921084119390725,0.0059667680754613706,1.006733424748493,0.5243138856749775,0.27624764734384966,0.991647310549887,0.6102421559397573,25.92012479551103,0.0297711579051263,0.0014880895614624023,0.12449303269386292,N/A,N/A,N/A,N/A,N/A,N/A,False,,True,140,0.15,0.18029143768146794,-0.14655302517865784,0.2027083483988827,8,5,mqbench-act,0.28163903273119095,,,,,0.0,0.07072836242007383,-0.11633780345499664,0.5,,0.5568181818181818,injection+amplification+dead-channels+zero-inflation,True,True,False,False,False,False,False,False,False,False,,False,False,False,False,False,False,True,amplifier,False,stable
trunk_output.block4.block4-3.f.b.0,Conv2d,0.8921084119390725,0.7281831519667857,-0.1639252599722868,0.8162496196891794,0.6906614499863074,0.2054247647610767,2.7551874718564506,0.595183206700596,58.48194200390358,0.005491859132045676,0.0,0.12355435639619827,0.1650339663028717,0.986459493637085,16.88675679662299,13.458010263307981,10.590862274169922,9.747316360473633,False,,False,141,1.4000000000000001,0.5993326286795171,0.4141855519661365,0.009747404496764773,86,58,mqbench-weight+fallback-act,0.02125475702766763,0.0,0.10002500937890794,-0.16452649946275175,0.5,,,,,0.54,,none,False,True,False,False,False,False,False,False,False,False,1.4000000000000001,False,False,False,False,False,False,False,damper,False,stable
trunk_output.block4.block4-3.f.b.1,BatchNorm2d,0.7281831519667857,0.9642257270708446,0.2360425751040589,1.3241527553425534,0.4177255613578387,0.41882678625998393,0.3164257006643916,0.5467902706216272,83.37731516721335,0.017849402246947865,0.0014880895614624023,0.13342876732349396,N/A,N/A,N/A,N/A,N/A,N/A,False,,False,142,0.35000000000000003,0.5172741403435261,-0.5008402458722538,0.24932233392535702,57,50,fallback-act,0.3289378691284122,,,,,,,,,,,injection+amplification,True,True,True,True,False,False,True,False,False,False,,False,False,True,False,True,True,False,amplifier,False,inherits-from-upstream
trunk_output.block4.block4-3.f.b.2,ReLU,0.9642257270708446,0.9724616197574444,0.008235892686599744,1.0085414571042601,0.4109294165803329,0.4260121244499125,0.24255060017829608,0.5637261110420256,83.37731516721335,0.07564328919346763,0.0029761791229248047,0.13488037884235382,N/A,N/A,N/A,N/A,N/A,N/A,False,,True,143,-0.15,0.1322781113766548,-0.36757813126418143,0.8715973694490677,2,5,mqbench-act,0.8715973694490677,,,,,0.1,0.10000000000000002,-0.06448536269514724,0.1586552539314571,,0.26807267043591027,injection+amplification+dead-channels+zero-inflation,True,True,False,False,True,False,True,False,False,False,,False,False,False,True,True,True,False,amplifier,False,dead-channels+activation-clipping+signal-collapse
trunk_output.block4.block4-3.f.c.0,Conv2d,0.9724616197574444,0.6428135891141983,-0.3296480306432461,0.6610169245286325,0.7705601277147711,0.6679931507166204,3.8382990160541053,0.4881678578723638,12.67291706917006,7.734678692905733e-05,0.0,0.3263389468193054,0.1929301917552948,0.9817866086959839,5312.866178867349,4346.817782606921,15.216473579406738,13.25230884552002,False,,False,144,1.3,0.5867939703011534,0.33480980967689333,0.013365338463235734,82,56,mqbench-weight+fallback-act,0.02835619106389203,0.05,0.11182576850283939,-0.13393702090853105,0.3273927169594075,,,,,0.39287126035128905,,none,False,True,False,False,False,False,False,False,False,False,1.3,False,False,False,False,False,False,False,damper,False,stable
trunk_output.block4.block4-3.f.c.1,BatchNorm2d,0.6428135891141983,0.8386931231387961,0.1958795340245978,1.3047221423780433,0.5500268505084728,9.395849051813807,1.5279383592792404,0.46221388552384085,9.52678481187645,0.0,0.0,1.1939256191253662,N/A,N/A,N/A,N/A,N/A,N/A,False,,False,145,1.3,0.5561561424882527,0.38520455187685776,0.009707300078125439,75,49,fallback-act,0.02125475702766763,,,,,,,,,,,injection+amplification,True,True,True,True,False,False,True,False,False,False,1.3,False,False,True,False,True,True,False,amplifier,False,inherits-from-upstream
trunk_output.block4.block4-3.activation,ReLU,1.047299536664444,1.0584695350324511,0.011169998368007139,1.0106655240234161,0.3946812577746384,3.048532128218196,-0.49356725263151374,0.7974475448475539,62.17047613962421,0.014869267321884094,0.0,0.38835135102272034,N/A,N/A,N/A,N/A,N/A,N/A,False,,True,146,0.1,0.30006669260350266,-0.39356578765620387,0.36946929950030755,19,17,mqbench-act,0.4567455119806952,,,,,0.05,0.05000000000000001,-0.03224268134757362,0.1586552539314571,,0.26807267043591027,injection+amplification+zero-inflation,True,True,True,False,False,False,True,False,False,False,,False,False,False,True,True,True,False,amplifier,False,activation-clipping+signal-collapse
trunk_output.block4.block4-4.f.a.0,Conv2d,1.0584695350324511,0.8649027080670678,-0.1935668269653833,0.8171257456555433,0.5660473825603354,5.446394257689125,1.260654861710257,0.755674675804735,4.247450056152885,0.00046849969061285227,0.0,0.7656681537628174,0.19297346472740173,0.9817475080490112,3125.852526008503,5854.2395728180445,22.121788024902344,19.775848388671875,False,,False,147,0.8,0.4845589733967886,0.0029714151364104158,0.049370733932906016,55,39,mqbench-weight+fallback-act,0.09013029334263076,-0.25,0.11169148353275139,-0.43371614178843676,0.9873995287843689,,,,,0.9873995287843689,,none,False,True,False,False,False,False,False,False,False,False,,False,False,False,False,False,False,False,damper,False,stable
trunk_output.block4.block4-4.f.a.1,BatchNorm2d,0.8649027080670678,1.0625544676410006,0.19765175957393277,1.2285248476278399,0.3980481903449905,0.37671194641884376,-0.527024033545876,0.8216351937862224,26.64495228216277,-0.050368298826226954,0.0,0.13140814006328583,N/A,N/A,N/A,N/A,N/A,N/A,False,,False,148,0.5499999999999999,0.41525289581620245,-0.13303023178538242,0.09266950482426045,40,29,fallback-act,0.15314855007798833,,,,,,,,,,,injection+amplification,True,True,True,True,False,False,True,False,False,False,,False,False,True,False,True,True,False,amplifier,False,inherits-from-upstream
trunk_output.block4.block4-4.f.a.2,ReLU,1.0625544676410006,1.0680710262000568,0.005516558559056195,1.0051917889642905,0.3946130586782414,0.3806337184183104,-0.5720026804631315,0.835066398562552,26.64495228216277,0.0007850639558278916,0.0,0.13139759004116058,N/A,N/A,N/A,N/A,N/A,N/A,False,,True,149,0.05,0.16586894300358512,-0.222830132498054,0.381538427543218,6,5,mqbench-act,0.4643529699556994,,,,,0.0,0.0,0.0,1.0,,1.0,injection+amplification+zero-inflation,True,True,False,False,False,False,False,False,False,False,,False,False,False,False,False,False,True,amplifier,False,stable
trunk_output.block4.block4-4.f.b.0,Conv2d,1.0680710262000568,1.0013064316174525,-0.06676459458260431,0.9374904917886061,0.48569434964744906,0.1956627338806093,-0.011340114918388194,0.9477102819406227,14.423800315459896,0.008583269035850948,0.0,0.14208194613456726,0.18804076313972473,0.9824220538139343,25.26283498750268,17.50739032977384,11.182296752929688,10.203298568725586,False,,False,150,0.8,0.46345160879734615,0.0376899403531904,0.04215769173877389,51,35,mqbench-weight+fallback-act,0.08071655613399392,0.15,0.08655920660521364,0.007622775069372506,0.04155512962182949,,,,,0.1068560475989901,,none,False,True,False,False,False,False,False,False,False,False,,False,False,False,False,False,False,False,damper,False,stable
trunk_output.block4.block4-4.f.b.1,BatchNorm2d,1.0013064316174525,1.006645052533157,0.005338620915704473,1.0053316554724219,0.446265034743738,0.5501609705859185,-0.05752726806720414,0.8004366851121621,41.137984699973494,-0.010361503697461139,0.0,0.1636667400598526,N/A,N/A,N/A,N/A,N/A,N/A,False,,False,151,2.9499999999999997,0.6468059438227838,1.8860988973693236,2.5470648842610215e-06,114,55,fallback-act,1.052339965339422e-05,,,,,,,,,,,injection+amplification,True,True,False,False,False,False,False,False,False,False,2.9499999999999997,False,False,False,False,False,False,True,amplifier,False,stable
trunk_output.block4.block4-4.f.b.2,ReLU,1.006645052533157,1.0126480822900503,0.006003029756893374,1.00596340263312,0.44235665552374465,0.5567421982656763,-0.10917089193653784,0.8147621413542894,41.137984699973494,0.04655119930226559,0.0029761791229248047,0.16379988193511963,N/A,N/A,N/A,N/A,N/A,N/A,False,,True,152,0.1,0.18711629072084168,-0.20777890945388253,0.2965230675484341,8,6,mqbench-act,0.3847448066537534,,,,,0.0,0.0,0.0,1.0,,1.0,injection+amplification+dead-channels+zero-inflation,True,True,False,False,False,False,False,False,False,False,,False,False,False,False,False,False,True,amplifier,False,stable
trunk_output.block4.block4-4.f.c.0,Conv2d,1.0126480822900503,0.35187646758144003,-0.6607716147086102,0.34748149306291076,0.9362914660352739,0.8242747433794947,9.072195529522931,0.7539010854547527,3.3971331450207414,9.786978407434402e-07,0.0,0.25142762064933777,0.1688484400510788,0.9859886765480042,856969.1911461196,144446.1943636109,19.486045837402344,15.438464164733887,False,,False,153,0.1,0.38738873888835323,-0.5371977722006647,0.3981499579210246,31,29,mqbench-weight+fallback-act,0.48027061963142537,0.1,0.0706929893933952,-0.01627962000376805,0.07859768263876454,,,,,0.1515812450890459,,none,False,True,False,False,False,False,False,False,False,False,,False,False,False,False,False,False,False,damper,False,stable
trunk_output.block4.block4-4.f.c.1,BatchNorm2d,0.35187646758144003,0.6049017203239412,0.25302525274250115,1.7190740957519126,0.7984919413786882,14.60728610291773,4.366303607385394,0.702055645533342,5.101326510157788,0.0,0.0,1.0418354272842407,N/A,N/A,N/A,N/A,N/A,N/A,False,,False,154,0.65,0.36380616743498434,0.0515921059872515,0.03699576816910102,33,20,fallback-act,0.07170784694504767,,,,,,,,,,,injection+amplification,True,True,True,True,False,False,True,False,False,False,,False,False,True,False,True,True,False,amplifier,False,inherits-from-upstream
trunk_output.block4.block4-4.activation,ReLU,1.2240139914760324,1.2240139914760324,0.0,1.0,0.09852229885957203,1.1598472854718058,-1.7557276435455078,0.6486266933224393,291.79537665163167,-0.019022594040406404,0.0,0.1319497674703598,N/A,N/A,N/A,N/A,N/A,N/A,False,,False,155,0.3,0.2120789681801856,-0.048838860011304164,0.07859768263876454,12,6,fallback-act,0.13412865406832644,,,,,,,,,,,none,False,True,False,False,False,False,False,False,False,False,,False,False,False,False,False,False,False,propagator,False,stable
avgpool,AdaptiveAvgPool2d,,,,,,,,,,,,,N/A,N/A,N/A,N/A,N/A,N/A,False,,True,156,-0.05,0.11182576850283939,-0.23393702090853108,0.6726072830405925,2,3,mqbench-act,0.7232831742285823,,,,,0.0,0.0,0.0,1.0,,1.0,none,False,False,False,False,False,False,False,False,False,False,,False,False,False,False,False,False,False,stable,False,stable
fc,Linear,1.2424290604874202,1.358918262712356,0.11648920222493575,1.0937592381968557,0.09588428869292502,0.5093126201629639,-2.6638667046197084,1.042455792035521,33.11026548719273,0.0,0.0,0.24603548645973206,0.03547009080648422,0.9993798136711121,44.798062333592874,43.709330713924864,25.019594192504883,24.926420211791992,False,,False,157,0.5499999999999999,0.44435062027285216,-0.18089172939393727,0.10790229159332829,45,34,mqbench-weight+fallback-act,0.1694065978015254,0.05,0.05000000000000001,-0.03224268134757362,0.1586552539314571,,,,,0.2447823917799624,,injection+amplification,True,True,True,False,False,False,True,False,False,False,,False,False,False,True,True,True,False,amplifier,False,weight-outlier
